antibody_id,light_aligned_aho,heavy_aligned_aho
GDPa1-001,DIELTQSPASLSASVGETVTITCQAS--ENIY------SYLAWHQQKQGKSPQLLVYN--------AKTLAGGVSSRFSGSGSG--THFSLKIKSLQPEDFGIYYCQHHYG-----------------------ILPTFGGGTKLEIK-,QVKLQES-GAELARPGASVKLSCKASG-YTFTN-----YWMQWVKQRPGQGLDWIGAIYPG---DGNTRYTHKFKGKATLTADKSSSTAYMQLSSLASEDSGVYYCARGEGNY--------------------AWFAYWGQGTTVTVSS
GDPa1-002,DIQMTQSPSSLSASVGDRVTITCRAS--QDIS------NYLAWYQQKPGKAPKLLIYY--------TSKIHSGVPSRFSGSGSG--TDYTFTISSLQPEDIATYYCQQGNT-----------------------FPYTFGQGTKVEIK-,QVQLQQS-GGELAKPGASVKVSCKASG-YTFSS-----FWMHWVRQAPGQGLEWIGYINPR---SGYTEYNEIFRDKATMTTDTSTSTAYMELSSLRSEDTAVYYCASFLGR---------------------GAMDYWGQGTTVTVSS
GDPa1-003,DIQMTQSPSSLSASVGDRVTITCLAS--EDIS------NYLAWYQQKPGKAPKLLIYH--------TSRLQDGVPSRFSGSGSG--TDFTLTISSLQPEDFATYYCQQGYR-----------------------FPLTFGGGTKVEIK-,QVTLKES-GPVLVKPTETLTLTCTVSG-FSLTN-----YHVQWIRQPPGKALEWLGVMWS----DGDTSFNSVLKSRLTISRDTSKSQVVLTMTNMDPVDTATYYCARDGTIAA------------------MDYFDYWGQGTLVTVSS
GDPa1-004,DIQMTQSPSSVSASVGDRVTITCRAS--QGIS------SWLAWYQQKPGKAPKLLIYG--------ASNLESGVPSRFSGSGSG--TDFTLTISSLQPEDFANYYCQQANS-----------------------FPWTFGQGTKVEIK-,QVQLVQS-GAEVKKPGASVKVSCKVSG-YTLSD-----LSIHWVRQAPGKGLEWMGGFDPQ---DGETIYAQKFQGRVTMTEDTSTDTAYMELSSLKSEDTAVYYCATGSSS---------------------SWFDPWGQGTLVTVSS
GDPa1-005,DIQMTQSPSSLSASVGDRVTITCRAS--QGIR------NYLAWYQQKPGKAPKLLIYA--------ASTLQSGVPSRFSGSGSG--TDFTLTISSLQPEDVATYYCQRYNR-----------------------APYTFGQGTKVEIK-,EVQLVES-GGGLVQPGRSLRLSCAASG-FTFDD-----YAMHWVRQAPGKGLEWVSAITWN---SGHIDYADSVEGRFTISRDNAKNSLYLQMNSLRAEDTAVYYCAKVSYLST------------------ASSLDYWGQGTLVTVSS
GDPa1-006,DIQMTQSPSSLSASVGDRVTITCRAS--QSIS------SYLNWYQQKPGKAPKLLIYA--------ASSLQSGVPSRFSGSGSG--TDFTLTISSLQPEDFATYYCQQSYS-----------------------TPLTFGGGTKVEIK-,QVQLVES-GGGVVQPGRSLRLSCAASG-FAFSS-----YGMHWVRQAPGKGLEWVAVIWFD---GTKKYYTDSVKGRFTISRDNSKNTLYLQMNTLRAEDTAVYYCARDRGIGAR---------------RGPYYMDVWGKGTTVTVSS
GDPa1-007,DIQMTQSPSSLSASVGDRVTITCKAS--QNID------KYLNWYQQKPGKAPKLLIYN--------TNNLQTGVPSRFSGSGSG--TDFTFTISSLQPEDIATYYCLQHIS-----------------------RPRTFGQGTKVEIK-,QVQLQES-GPGLVRPSQTLSLTCTVSG-FTFTD-----FYMNWVRQPPGRGLEWIGFIRDKA-KGYTTEYNPSVKGRVTMLVDTSKNQFSLRLSSVTAADTAVYYCAREGHTA--------------------APFDYWGQGSLVTVSS
GDPa1-008,DIVMTQSPDSLAVSLGERATINCKSS--QSVLYRSNNRNFLGWYQQKPGQPPNLLIYW--------ASTRESGVPDRFSGSGSG--TDFTLTISSLQAEDVAVYYCQQYYT-----------------------TPYTFGQGTKLEIK-,EVQLVES-GGGLVQPGGSLRLSCAASG-FTFNN-----YAMNWVRQAPGKGLDWVSTISGS---GGTTNYADSVKGRFIISRDSSKHTLYLQMNSLRAEDTAVYYCAKDSNW---------------------GNFDLWGRGTLVTVSS
GDPa1-009,DIELTQSPAIMSASPGEKVTMTCSAS--SSVS-------YMHWYQQKSGTSPKRWIYD--------TSKLASGVPGRFSGSGSG--NSYSLTISSVEAEDDATYYCQQWSK-----------------------HPLTFGSGTKVEIK-,QVQLQQS-GPELEKPGASVKISCKASG-YSFTG-----YTMNWVKQSHGKSLEWIGLITPY---NGASSYNQKFRGKATLTVDKSSSTAYMDLLSLTSEDSAVYFCARGGYDG--------------------RGFDYWGSGTPVTVSS
GDPa1-010,DIQMTQSPSSLSASVGDRVTITCKAS--QDVR------NTVAWYQQKPGKAPKLLIYS--------SSYRNTGVPDRFSGSGSG--TDFTLTISSLQAEDVAVYYCQQHYI-----------------------TPYTFGGGTKVEIK-,QVQLQES-GPGLVKPSETLSLTCTVSG-FSLLS-----YGVHWVRQPPGKGLEWLGVIWT----GGTTNYNSALMSRFTISKDDSKNTVYLKMNSLKTEDTAIYYCARYYY-----------------------GMDYWGQGTLVTVSS
GDPa1-011,DIALTQP-ASVSGSPGQSITISCTGTS-SDIGG----YNSVSWYQQHPGKAPKLMIYG--------VNNRPSGVSNRFSGSKSG--NTASLTISGLQAEDEADYYCSSYDIE---------------------SATPVFGGGTKLTVL-,QVELVQS-GAEVKKPGESLKISCKGSG-YSFTS-----YWIGWVRQAPGKGLEWMGIIDPG---DSRTRYSPSFQGQVTISADKSISTAYLQWSSLKASDTAMYYCARGQLYG-------------------GTYMDGWGQGTLVTVSS
GDPa1-012,EIVLTQSPGTLSLSPGERATLSCRAS--QSVSS-----SFFAWYQQKPGQAPRLLIYG--------ASSRATGIPDRLSGSGSG--TDFTLTITRLEPEDFAVYYCQQYDS-----------------------SAITFGQGTRLEIK-,EVQLVQS-GAEVKKPGESLKISCKGSG-YIFTN-----YWIAWVRQMPGKGLESMGIIYPG---DSDIRYSPSFQGQVTISADKSITTAYLQWSSLKASDTAMYYCARHDIE----------------------GFDYWGRGTLVTVSS
GDPa1-013,DIQMTQSPSSLSASVGDRVTITCKAS--ESVDNY--GKSLMHWYQQKPGKAPKLLIYR--------ASNLESGVPSRFSGSGSG--TDFTLTISSLQPEDFATYYCQQSNE-----------------------DPWTFGGGTKVEIK-,EVQLVES-GGGLVQPGGSLRLSCAASG-FTFIS-----YAMSWVRQAPGKGLEWVASISS----GGNTYYPDSVKGRFTISRDNAKNSLYLQMNSLRAEDTAVYYCARLDGYY--------------------FGFAYWGQGTLVTVSS
GDPa1-014,DIQMTQSPSSLSASVGDRVTITCRAS--QDVS------TAVAWYQQKPGKAPKLLIYS--------ASFLYSGVPSRFSGSGSG--TDFTLTISSLQPEDFATYYCQQYLY-----------------------HPATFGQGTKVEIK-,EVQLVES-GGGLVQPGGSLRLSCAASG-FTFSD-----SWIHWVRQAPGKGLEWVAWISPY---GGSTYYADSVKGRFTISADTSKNTAYLQMNSLRAEDTAVYYCARRHWP---------------------GGFDYWGQGTLVTVSS
GDPa1-015,QSALTQP-ASVSGSPGQSITISCTGTS-SDVGG----YNYVSWYQQHPGKAPKLMIYD--------VSNRPSGVSNRFSGSKSG--NTASLTISGLQAEDEADYYCSSYTSS----------------------STRVFGTGTKVTVL-,EVQLLES-GGGLVQPGGSLRLSCAASG-FTFSS-----YIMMWVRQAPGKGLEWVSSIYPS---GGITFYADTVKGRFTISRDNSKNTLYLQMNSLRAEDTAVYYCARIKLGT-------------------VTTVDYWGQGTLVTVSS
GDPa1-016,DVVMTQSPLSLPVTPGEPASISCKSS--QSLLDSD-GKTYLNWLLQKPGQSPQRLIYL--------VSKLDSGVPDRFSGSGSG--TDFTLKISRVEAEDVGVYYCWQGTH-----------------------FPRTFGQGTKVEIK-,EVQLLES-GGGLVQPGGSLRLSCAASG-FTFSN-----YGMSWVRQAPGKGLEWVASIRSG---GGRTYYSDNVKGRFTISRDNSKNTLYLQMNSLRAEDTAVYYCVRYDHYS--------------------GSSDYWGQGTLVTVSS
GDPa1-017,QIVSTQSPAIMSASPGEKVTMTCSAS--SSRS-------YMQWYQQKPGTSPKRWIYD--------TSKLASGVPARFSGSGSG--TSYSLTISSMEAEDAATYYCHQRS-------------------------SYTFGGGTKLEIK-,QVQLQQS-GTVLARPGASVKMSCKASG-YSFTR-----YWMHWIKQRPGQGLEWIGAIYPG---NSDTSYNQKFEGKAKLTAVTSASTAYMELSSLTHEDSAVYYCSRDYGY----------------------YFDFWGQGTTLTVSS
GDPa1-018,DIQMTQSPSSLSASLGERVSLTCRAS--QDIG------SSLNWLQQGPDGTIKRLIYA--------TSSLDSGVPKRFSGSRSG--SDYSLTISSLESEDFVDYYCLQYVS-----------------------SPPTFGAGTKLELK-,EVQLQQS-GPELEKPGASVKLSCKASG-YSFTG-----YNMNWVKQSHGKSLEWIGHIDPY---YGDTSYNQKFRGKATLTVDKSSSTAYMQLKSLTSEDSAVYYCVKGGYYG-------------------HWYFDVWGAGTTVTVSS
GDPa1-019,DIQMTQSPSSLSASVGDRVTITCSAS--QDIS------NYLNWYQQKPGKAPKLLIYY--------TSNLHSGVPSRFSGSGSG--TDFTLTISSLQPEDFATYYCQQYRK-----------------------LPWTFGQGTKLEIK-,QVQLVQS-GAEVKKPGSSVKVSCKASG-GTFSN-----YWMHWVRQAPGQGLEWMGATYRG---HSDTYYNQKFKGRVTITADKSTSTAYMELSSLRSEDTAVYYCARGAIYDG------------------YDVLDNWGQGTLVTVSS
GDPa1-020,SSELTQD-PAVSVALGQTVRVTCQGD---SLRS-----YYASWYQQKPGQAPVLVIYG--------KNNRPSGIPDRFSGSSSG--NTASLTITGAQAEDEADYYCSSRDSS---------------------GNHWVFGGGTELTVL-,QVQLQQS-GAEVKKPGSSVRVSCKASG-GTFNN-----NAINWVRQAPGQGLEWMGGIIPM---FGTAKYSQNFQGRVAITADESTGTASMELSSLRSEDTAVYYCARSRDLLLF----------------PHHALSPWGRGTMVTVSS
GDPa1-021,DIQMTQSPSSLSASVGDRVTITCKAS--QGVS------NDVAWYQQKPGKAPKLLIYS--------ASYRYTGVPSRFSGSGSG--TDFTFTISSLQPEDIATYYCQQHST-----------------------TPYTFGQGTKLEIK-,QVQLVQS-GAEVKKPGSSVKVSCKASG-YIFTT-----YNVHWVRQAPGQGLEWIGSIYPD---NGDTSYNQNFKGRATITADKSTSTAYMELSSLRSEDTAVYYCARGD-------------------------FAYWGQGTLVTVSS
GDPa1-022,DIQMTQSPSSLSASVGDRVTITCGTS--EDII------NYLNWYQQKPGKAPKLLIYH--------TSRLQSGVPSRFSGSGSG--TDFTLTISSLQPEDFATYYCQQGYT-----------------------LPYTFGQGTKVEIK-,EVQLVQS-GAEVKKPGASVKVSCKASG-YTFTS-----YVIHWVRQRPGQGLAWMGYINPY---NDGTKYNERFKGKVTITSDRSTSTVYMELSSLRSEDTAVYLCGREGIRYY------------------GLLGDYWGQGTLVTVSS
GDPa1-023,DIQMTQSPSSLSASVGDRVTITCSAS--QDIS------NYLNWYQQKPGKAPKVLIYF--------TSSLHSGVPSRFSGSGSG--TDFTLTISSLQPEDFATYYCQQYST-----------------------VPWTFGQGTKVEIK-,EVQLVES-GGGLVQPGGSLRLSCAASG-YTFTN-----YGMNWVRQAPGKGLEWVGWINTY---TGEPTYAADFKRRFTFSLDTSKSTAYLQMNSLRAEDTAVYYCAKYPHYYGS----------------SHWYFDVWGQGTLVTVSS
GDPa1-024,EIVLTQSPGTLSLSPGERATLSCRAS--QSVSS-----SYLAWYQQKPGQAPRLLIYG--------ASSRATGIPDRFSGSGSG--TDFTLTISRLEPEDFAVYYCQQYGS-----------------------STWTFGQGTKVEIK-,EVQLVQS-GAEVKKSGESLKISCKGSG-YSFTS-----YWIGWVRQMPGKGLEWMGIFYPG---DSSTRYSPSFQGQVTISADKSVNTAYLQWSSLKASDTAMYYCARRRNWG--------------------NAFDIWGQGTMVTVSS
GDPa1-025,QSALTQP-ASVSGSPGQSITISCTGTS-SDVGS----YNYVNWYQQHPGKAPKLMIYG--------VSKRPSGVSNRFSGSKSG--NTASLTISGLQAEDEADYYCGTFAGG---------------------SYYGVFGGGTKLTVL-,QVQLVQS-GAEVKKPGASVKVSCKASG-YTFTS-----SYINWVRQAPGQGLEWMGTINPV---SGSTSYAQKFQGRVTMTRDTSISTAYMELSRLRSDDTAVYYCARGGW------------------------FDYWGQGTLVTVSS
GDPa1-026,AIQLTQSPSSLSASVGDRVTITCRAD--ESVR------TLMHWYQQKPGKAPKLLIYL--------VSNSEIGVPDRFSGSGSG--TDFRLTISSLQPEDFATYYCQQTWS-----------------------DPWTFGQGTKVEIK-,EVQLVES-GGGLVQPGGSLRLSCAASG-FTFSD-----YNMAWVRQAPGKGLEWVATITYE---GRNTYYRDSVKGRFTISRDNAKNSLYLQMNSLRAEDTAVYYCASPPQYYEGS--------------IYRLWFAHWGQGTLVTVSS
GDPa1-027,AIQLTQSPSSLSASVGDRVTITCRAS--QGIS------SALAWYQQKPGKAPKLLIYD--------ASNLESGVPSRFSGSGSG--TDFTLTISSLQPEDFATYYCQQFNS------------------------YPTFGQGTKVEIK-,QLQLQES-GPGLLKPSETLSLTCTVSG-GSISSP---GYYGGWIRQPPGKGLEWIGSIYK----SGSTYHNPSLKSRVTISVDTSKNQFSLKLSSVTAADTAVYYCTRPVVRY-------------------FGWFDPWGQGTLVTVSS
GDPa1-028,DIQMTQSPSSLSASVGDRVTITCKAS--QDVH------TAVAWYQQKPGKAPKLLIYW--------ASTRWTGVPSRFSGSGSG--TDFTLTISSLQPEDFATYYCQQYSD-----------------------YPWTFGGGTKVEIK-,QVQLVQS-GAEVKKPGASVKVSCKVSG-FPIKD-----TFQHWVRQAPGKGLEWMGWSDPE---IGDTEYASKFQGRVTMTEDTSTDTAYMELSSLRSEDTAVYYCATGDTT---------------------YKFDFWGQGTTVTVSS
GDPa1-029,DIQMTQSPSSLSASVGDRVTITCRAS--QGIS------SALAWYQQKPGKAPKLLIYS--------ASYRYTGVPSRFSGSGSG--TDFTFTISSLQPEDIATYYCQQRYS-----------------------LWRTFGQGTKLEIK-,QVQLVQS-GAEVKKPGASVKVSCKASG-YTFTS-----YYMHWVRQAPGQGLEWMGEISPF---GGRTNYNEKFKSRVTMTRDTSTSTVYMELSSLRSEDTAVYYCARERPL---------------------YASDLWGQGTTVTVSS
GDPa1-030,QSVLTQP-PSVSGAPGQRVTISCTGSS-SNTGA----GYDVHWYQQVPGTAPKLLIYG--------SGNRPSGVPDRFSGSKSG--TSASLAITGLQAEDEADYYCQSYDSS---------------------LSGWVFGGGTRLTVL-,QVQLVES-GGGVVQPGRSLRLSCAASG-FTFSS-----YGMHWVRQAPGKGLEWVAVIWYD---GSNEYYADSVKGRFTISRDNSKNTLYLQMNSLRAEDTAVYYCARDRGYTSS---------------WYPDAFDIWGQGTMVTVSS
GDPa1-031,DIVLTQSPASLAVSLGQRATISCKAS--QSVDFD--GDSYMNWYQQKPGQPPKVLIYA--------ASNLESGIPARFSGSGSG--TDFTLNIHPVEEEDAATYYCQQSNE-----------------------DPWTFGGGTKLEIK-,QIQLQQS-GPEVVKPGASVKISCKASG-YTFTD-----YYITWVKQKPGQGLEWIGWIYPG---SGNTKYNEKFKGKATLTVDTSSSTAFMQLSSLTSEDTAVYFCANYGNY----------------------WFAYWGQGTQVTVSA
GDPa1-032,QSVLTQP-PSVSGAPGQRVTISCSGSR-SNIGS-----NTVKWYQQLPGTAPKLLIYY--------NDQRPSGVPDRFSGSKSG--TSASLAITGLQAEDEADYYCQSYDRYT--------------------HPALLFGTGTKVTVL-,QVQLVES-GGGVVQPGRSLRLSCAASG-FTFSS-----YGMHWVRQAPGKGLEWVAFIRYD---GSNKYYADSVKGRFTISRDNSKNTLYLQMNSLRAEDTAVYYCKTHGS------------------------HDNWGQGTMVTVSS
GDPa1-033,EIVMTQSPATLSVSPGERATLSCRAS--QSVS------SNLAWFQQKPGQAPRPLIYD--------ASTRATGVPARFSGSGSG--TDFTLTISSLQSEDFAVYYCQQYDN-----------------------WPLTFGGGTKVEIK-,QVQLVQS-GAEVKKPGASVKVSCKASG-YTFTR-----YGISWVRQAPGQGLEWMGWISTY---SGNTNYAQKLQGRVTMTTDTSTSTAYMELRSLRSDDTAVYYCARRQL-----------------------YFDYWGQGTLVTVSS
GDPa1-034,QAVVTQE-PSLTVSPGGTVTLTCRSST-GAVTT----SNYANWFQQKPGQAPRTLIGG--------TNNRAPGVPARFSGSLLG--GKAALTLSGAQPEDEAEYYCALWYS-----------------------NHWVFGGGTKLTVL-,QVQLVQS-GAEVKKPGASVKISCKVSG-YTLRG-----YWIEWVRQAPGKGLEWIGQILPG---TGRTNYNEKFKGRVTMTADTSTDTAYMELSSLRSEDTAVYYCARFDGNYG------------------YYAMDYWGQGTTVTVSS
GDPa1-035,DVVMTQSPLSLPVTPGEPASISCRSS--QSIVHSH-GDTYLEWYLQKPGQSPQLLIYK--------VSNRFSGVPDRFSGSGSG--TDFTLKISRVEAEDVGVYYCFQGSH-----------------------IPVTFGQGTKLEIK-,EIQLVQS-GAEVKKPGSSVKVSCKASG-YTFTH-----YGMNWVRQAPGQGLEWVGWVNTY---TGEPTYADDFKGRLTFTLDTSTSTAYMELSSLRSEDTAVYYCTREGEG---------------------LGFGDWGQGTTVTVSS
GDPa1-036,AIQLTQSPSSLSASVGDRVTITCRAS--QGIS------SALVWYQQKPGKAPKLLIYD--------ASSLESGVPSRFSGSGSG--TDFTLTISSLQPEDFATYYCQQFND------------------------YFTFGPGTKVDIK-,QVQLVQS-GAEVKKPGASVKVSCKASG-YTFTN-----HYMHWVRQAPGQGLEWMGIINPI---SGSTSNAQKFQGRVTMTRDTSTSTVYMELSSLRSEDTAVYYCARDIVD----------------------AFDFWGQGTMVTVSS
GDPa1-037,EIVLTQSPATLSLSPGERATLSCKAS--QSVDYD--GDNYMNWYQQKPGQAPRLLIYA--------ASNLESGIPARFSGSGSG--TDFTLTISSLEPEDFAVYYCHLSNE-----------------------DLSTFGGGTKVEIK-,QVQLVQS-GAEVKKPGSSVKVSCKASG-YTFTD-----NYMIWVRQAPGQGLEWMGDINPY---NGGTTFNQKFKGRVTITADKSTSTAYMELSSLRSEDTAVYYCARESPYFS-----------------NLYVMDYWGQGTLVTVSS
GDPa1-038,EIVLTQSPGTLSLSPGERATLSCRAS--QSVS------SYLAWYQQKPGQAPRLLIYG--------ASSRATGIPDRFSGSGSG--TDFTLTISRLEPEDFAVYYCQQYGS-----------------------SPLTFGGGTKVEIK-,QVQLVQS-GAEVKKPGSSVKVSCKASG-GTFSR-----YIINWVRQAPGQGLEWMGRIIPI---LGVENYAQKFQGRVTITADKSTSTAYMELSSLRSEDTAVYYCARKDW------------------------FDYWGQGTLVTVSS
GDPa1-039,DIQMTQSPSSLSASVGDRVTITCLAS--QTIG------TWLTWYQQKPGKAPKLLIYT--------ATSLADGVPSRFSGSGSG--TDFTLTISSLQPEDFATYYCQQVYS-----------------------IPWTFGGGTKVEIK-,EVQLVES-GGGLVQPGGSLRLSCAASG-FTFSS-----YMMSWVRQAPGKGLEWVATISGG---GANTYYPDSVKGRFTISRDNAKNSLYLQMNSLRAEDTAVYYCARQLY-----------------------YFDYWGQGTTVTVSS
GDPa1-040,EIVLTQSPATLSLSPGERATLSCRAS--QSVSD-----AYLAWYQQKPGQAPRLLIYD--------ASSRATGVPARFSGSGSG--TDFTLTISSLEPEDFAVYYCHQYIQL----------------------HSFTFGQGTKVEIK-,QVQLVQS-GAEVKKPGSSVKVSCKASG-GTFSS-----YGISWVRQAPGQGLEWMGGIIPI---FGTANYAQKFQGRVTITADESTSTAYMELSSLRSEDTAVYYCARYDGIY--------------------GELDFWGQGTLVTVSS
GDPa1-041,DIQMTQSPSSLSASVGDSITITCRAS--LSIN------TFLNWYQQKPGKAPNLLIYA--------ASSLHGGVPSRFSGSGSG--TDFTLTIRTLQPEDFATYYCQQSSN-----------------------TPFTFGPGTVVDFR-,EVQLLES-GGVLVQPGGSLRLSCAASG-FTFSN-----FGMTWVRQAPGKGLEWVSGISGG---GRDTYFADSVKGRFTISRDNSKNTLYLQMNSLKGEDTAVYYCVKWGNI----------------------YFDYWGQGTLVTVSS
GDPa1-042,DIQMTQSPSSLSASVGDRVTITCKAS--QNVG------TNVAWYQQKPGKAPKALIYS--------ASFLYSGVPYRFSGSGSG--TDFTLTISSLQPEDFATYYCQQYNI-----------------------YPLTFGQGTKVEIK-,EVQLVES-GGGLVQPGGSLRLSCAASG-YVFTD-----YGMNWVRQAPGKGLEWMGWINTY---IGEPIYADSVKGRFTFSLDTSKSTAYLQMNSLRAEDTAVYYCARGYRS---------------------YAMDYWGQGTLVTVSS
GDPa1-043,EIVLTQSPATLSLSPGERATLSCRAS--QSVR------SYLAWYQQKPGQAPRLLIYD--------ASNRATGIPARFSGSGSG--TDFTLTISSLEPEDFAVYYCQQRNY-----------------------WPLTFGQGTKVEIK-,QVQLVQS-GAEVKKPGSSVKVSCKASG-GTFSS-----YAISWVRQAPGQGLEWMGGIIPI---FDTANYAQKFQGRVTITADESTSTAYMELSSLRSEDTAVYYCARPGLAAAY----------------DTGSLDYWGQGTLVTVSS
GDPa1-044,DILLTQSPVILSVSPGERVSFSCRAS--QSIG------TNIHWYQQRTNGSPRLLIKY--------ASESISGIPSRFSGSGSG--TDFTLSINSVESEDIADYYCQQNNN-----------------------WPTTFGAGTKLELK-,QVQLKQS-GPGLVQPSQSLSITCTVSG-FSLTN-----YGVHWVRQSPGKGLEWLGVIWS----GGNTDYNTPFTSRLSINKDNSKSQVFFKMNSLQSNDTAIYYCARALTYY-------------------DYEFAYWGQGTLVTVSA
GDPa1-045,SSELTQD-PAVSVALGQTVRITCQGD---SLRS-----YYATWYQQKPGQAPILVIYG--------ENKRPSGIPDRFSGSSSG--NTASLTITGAQAEDEADYYCKSRDGS---------------------GQHLVFGGGTKLTVL-,EVQLVQS-GAEVKKPGSSVKVSCKASG-GTFSS-----YAISWVRQAPGQGLEWMGGIIPI---FGTANYAQKFQGRVTITADKSTSTAYMELSSLRSEDTAVYYCARAPLRFLEWST---------QDHYYYYYMDVWGKGTTVTVSS
GDPa1-046,AIQMTQSPSSLSASVGDRVTITCQAS--QSIN------NELSWYQQKPGKAPKLLIYR--------ASTLASGVPSRFSGSGSG--TDFTLTISSLQPDDFATYYCQQGYSLR--------------------NIDNAFGGGTKVEIK-,EVQLVES-GGGLVQPGGSLRLSCAASG-FSLSN-----YYVTWVRQAPGKGLEWVGIIYG----SDETAYATSAIGRFTISRDNSKNTLYLQMNSLRAEDTAVYYCARDDSSDW------------------DAKFNLWGQGTLVTVSS
GDPa1-047,DVVMTQSPLSLPVTPGEPASISCRSS--QSLVHSN-RNTYLHWYLQKPGQSPQLLIYK--------VSNRFSGVPDRFSGSGSG--TDFTLKISRVEAEDVGVYYCSQNTH-----------------------VPPTFGQGTKLEIK-,QVQLVQS-GAEVKKPGASVKVSCKASG-YTFTD-----YEMHWVRQAPGQGLEWMGALDPK---TGDTAYSQKFKGRVTLTADKSTSTAYMELSSLTSEDTAVYYCTRFYS------------------------YTYWGQGTLVTVSS
GDPa1-048,EIVLTQSPAIMSASPGERVTMTCSAS--SGVN-------YMHWYQQKPGTSPRRWIYD--------TSKLASGVPARFSGSGSG--TDYSLTISSMEPEDAATYYCHQRG-------------------------SYTFGGGTKLEIK-,QVQLVQP-GAEVVKPGASVKLSCKTSG-YTFTS-----NWMHWVKQAPGQGLEWIGEIDPS---DSYTNYNQNFQGKAKLTVDKSTSTAYMEVSSLRSDDTAVYYCARGSNPY-------------------YYAMDYWGQGTSVTVSS
GDPa1-049,DIVMTQTPLSLSVTPGQPASISCKSS--QSLLESD-GKTYLNWYLQKPGQSPQLLIYL--------VSILDSGVPDRFSGSGSG--TDFTLKISRVEAEDVGVYYCLQATH-----------------------FPQTFGGGTKVEIK-,EVQLVES-GGGLVKPGGSLRLSCAASG-FTFSN-----YAMSWVRQTPEKRLEWVATISRS---GSYSYFPDSVQGRFTISRDNAKNSLYLQMNSLRAEDTAVYYCARLGGYDE------------------GDAMDSWGQGTTVTVSS
GDPa1-050,DIVMTQSPLSLPVTPGEPASISCRSS--QSLVYSN-GDTYLHWYLQKPGQSPQLLIYK--------VSNRFSGVPDRFSGSGSG--TDFTLKISRVEAEDVGVYYCSQSTH-----------------------VPWTFGQGTKVEIK-,EVQLVES-GGGLVQPGGSLRLSCAASG-FTFSS-----YGMSWVRQAPGKGLELVASINSN---GGSTYYPDSVKGRFTISRDNAKNSLYLQMNSLRAEDTAVYYCASG---------------------------DYWGQGTTVTVSS
GDPa1-051,DIQMTQSPSSLSASVGDRVTITCKAS--QSVDYD--GHSYMNWYQQKPGKAPKLLIYA--------ASNLESGVPSRFSGSGSG--TDFTLTISSLQPEDFATYYCQQSDE-----------------------NPLTFGGGTKVEIK-,QVQLVQS-GAEVKKPGASVKVSCKVSG-YTFTS-----YDINWVRQAPGKGLEWMGWIYPG---DGSIKYNEKFKGRVTMTVDKSTDTAYMELSSLRSEDTAVYYCARRGEYGN-----------------YEGAMDYWGQGTLVTVSS
GDPa1-052,QAVVTQE-PSLTVSPGGTVTLTCGLKS-GSVTS----DNFPTWYQQTPGQAPRLLIYN--------TNTRHSGVPDRFSGSILG--NKAALTITGAQADDEAEYFCALFISN----------------------PSVEFGGGTQLTVL-,EVQLVES-GGGLVQPGGSLRLSCAASG-FTFSV-----YYMNWVRQAPGKGLEWVSDINNE---GGTTYYADSVKGRFTISRDNSKNSLYLQMNSLRAEDTAVYYCARDAGYSN-----------------HVPIFDSWGQGTLVTVSS
GDPa1-053,DIQMTQSPSSLSASVGDRVTITCRSS--QSLVHSN-GNTFLHWYQQKPGKAPKLLIYT--------VSNRFSGVPSRFSGSGSG--TDFTLTISSLQPEDFATYFCSQTTH-----------------------VPWTFGQGTKVEIK-,EVQLVES-GGGLVQPGGSLRLSCAASG-YSFTG-----YYIHWVRQAPGKGLEWVARVIPN---AGGTSYNQKFKGRFTLSVDNSKNTAYLQMNSLRAEDTAVYYCAREG-------------------------IYWWGQGTLVTVSS
GDPa1-054,DIQMTQSPSTLSASVGDRVTITCSAS--SSIS-------YMHWYQQKPGKAPKLLIYT--------TSNLASGVPARFSGSGSG--TEFTLTISSLQPDDFATYYCHQRST-----------------------YPLTFGQGTKVEVK-,QVQLVQS-GAEVKKPGSSVKVSCKASG-YTFTS-----YRMHWVRQAPGQGLEWIGYINPS---TGYTEYNQKFKDKATITADESTNTAYMELSSLRSEDTAVYYCARGGG-----------------------VFDYWGQGTLVTVSS
GDPa1-055,DIVMTQSPLSLPVTPGEPASISCRSS--QSIVHSN-GNTYLQWYLQKPGQSPQLLIYK--------VSNRLYGVPDRFSGSGSG--TDFTLKISRVEAEDVGVYYCFQGSH-----------------------VPWTFGQGTKVEIK-,QVQLQES-GPGLVKPSETLSLTCTVSG-YSITG----GYLWNWIRQPPGKGLEWIGYISY----DGTNNYKPSLKDRVTISRDTSKNQFSLKLSSVTAADTAVYYCARYGRV----------------------FFDYWGQGTLVTVSS
GDPa1-056,EIVLTQSPATLSLSPGERATLSCRAS--QSVS------SYLAWYQQKPGQAPRLLIYD--------ASNRATGIPARFSGSGSG--TDFTLTISSLEPEDFAVYYCQQRSN-----------------------WPPTFGQGTKVEIK-,EVQLLES-GGGLVQPGGSLRLSCAVSG-FTFNS-----FAMSWVRQAPGKGLEWVSAISGS---GGGTYYADSVKGRFTISRDNSKNTLYLQMNSLRAEDTAVYFCAKDKILWF-----------------GEPVFDYWGQGTLVTVSS
GDPa1-057,EIVLTQSPGTLSLSPGERATLSCRAS--QSVRG-----RYLAWYQQKPGQAPRLLIYG--------ASSRATGIPDRFSGSGSG--TDFTLTISRLEPEDFAVFYCQQYGS-----------------------SPRTFGQGTKVEIK-,EVQLLES-GGGLVQPGGSLRLSCAASG-FTFSS-----YAMSWVRQAPGKGLEWVSGITGS---GGSTYYADSVKGRFTISRDNSKNTLYLQMNSLRAEDTAVYYCAKDPGTTV-----------------IMSWFDPWGQGTLVTVSS
GDPa1-058,DIQMTQSPSSMSVSVGDRVTITCHSS--QDIN------SNIGWLQQKPGKSFKGLIYH--------GTNLDDGVPSRFSGSGSG--TDYTLTISSLQPEDFATYYCVQYAQ-----------------------FPWTFGGGTKLEIK-,QVQLQES-GPGLVKPSQTLSLTCTVSG-YSISS----DFAWNWIRQPPGKGLEWMGYISY----SGNTRYQPSLKSRITISRDTSKNQFFLKLNSVTAADTATYYCVTAGR-----------------------GFPYWGQGTLVTVSS
GDPa1-059,EIVMTQSPATLSVSPGERATLSCRSS--QSLVHRN-GNTYLHWYLQKPGQSPKLLIHK--------VSNRFSGVPDRFSGSGSG--TDFTLKISRVEAEDLGVYFCSQSTHV----------------------PPLTFGAGTKLELK-,EVQLLQS-GPELEKPGASVMISCKASG-SSFTG-----YNMNWVRQNIGKSLEWIGAIDPY---YGGTSYNQKFKGRATLTVDKSSSTAYMHLKSLTSEDSAVYYCVSGM--------------------------EYWGQGTSVTVSS
GDPa1-060,DIQMTQSPSSLSASVGDRVTITCKAS--QDVS------TAVAWYQQKPGKAPKLLIYS--------ASYRYTGVPSRFSGSGSG--TDFTLTISSLQPEDFATYYCQQHYS-----------------------TPWTFGGGTKVEIK-,EVQLLES-GGGLVQPGGSLRLSCAASG-FTFSS-----YAMSWVRQAPGKGLEWVSTISSG---GSYTSYPDSVKGRFTISRDNSKNTLYLQMNSLRAEDTAVYYCAKQDY-----------------------AMNYWGQGTLVTVSS
GDPa1-061,DIQLTQSPSFLSAYVGDRVTITCKAS--QDVG------TAVAWYQQKPGKAPKLLIYW--------ASTLHTGVPSRFSGSGSG--TEFTLTISSLQPEDFATYYCQHYSS-----------------------YPWTFGQGTKLEIK-,EVQLLES-GGGLVQPGGSLRLSCAASG-FTFSS-----YDMSWVRQAPGKGLEWVSTISGG---GSYTYYQDSVKGRFTISRDNSKNTLYLQMNSLRAEDTAVYYCASPYY-----------------------AMDYWGQGTTVTVSS
GDPa1-062,DIQMTQSPSSLSASVGDRVTITCRAS--QNIA------TDVAWYQQKPGKAPKLLIYS--------ASFLYSGVPSRFSGSGSG--TDFTLTISSLQPEDFATYYCQQSEP-----------------------EPYTFGQGTKVEIK-,EVQLVES-GGGLVQPGGSLRLSCAASG-FTLSG-----DWIHWVRQAPGKGLEWVGEISAA---GGYTDYADSVKGRFTISADTSKNTAYLQMNSLRAEDTAVYYCARESRVSF------------------EAAMDYWGQGTLVTVSS
GDPa1-063,DIVMTQSPLSLPVTPGEPASISCRSS--QSLLYSI-GYNYLDWYLQKSGQSPQLLIYL--------GSNRASGVPDRFSGSGSG--TDFTLKISRVEAEDVGFYYCMQALQ-----------------------TPYTFGQGTKLEIK-,EVQLVES-GGGLEQPGGSLRLSCAGSG-FTFRD-----YAMTWVRQAPGKGLEWVSSISGS---GGNTYYADSVKGRFTISRDNSKNTLYLQMNSLRAEDTAVYYCAKDRLSITIR--------------PRYYGLDVWGQGTTVTVSS
GDPa1-064,EIVLTQSPGTLSLSPGERATLSCRAS--QRVSS-----SYLAWYQQKPGQAPRLLIYD--------ASSRATGIPDRFSGSGSG--TDFTLTISRLEPEDFAVYYCQQYGS-----------------------LPWTFGQGTKVEIK-,EVQLVES-GGGLVQPGGSLRLSCAASG-FTFSR-----YWMSWVRQAPGKGLEWVANIKQD---GSEKYYVDSVKGRFTISRDNAKNSLYLQMNSLRAEDTAVYYCAREGGWFG------------------ELAFDYWGQGTLVTVSS
GDPa1-065,DIQMTQSPSSLSASVGDRVTITCGAS--ENIY------GALNWYQQKPGKAPKLLIYG--------ATNLADGVPSRFSGSGSG--TDFTLTISSLQPEDFATYYCQNVLN-----------------------TPLTFGQGTKVEIK-,QVQLVQS-GAEVKKPGASVKVSCKASG-YIFSN-----YWIQWVRQAPGQGLEWMGEILPG---SGSTEYTENFKDRVTMTRDTSTSTVYMELSSLRSEDTAVYYCARYFFGSS-----------------PNWYFDVWGQGTLVTVSS
GDPa1-066,DIQMTQSPSSLSASVGDRVTITCRAS--KTIS------KYLAWYQQKPGKAPKLLIYS--------GSTLQSGVPSRFSGSGSG--TDFTLTISSLQPEDFATYYCQQHNE-----------------------YPLTFGQGTKVEIK-,EVQLVES-GGGLVQPGGSLRLSCAASG-YSFTG-----HWMNWVRQAPGKGLEWVGMIHPS---DSETRYNQKFKDRFTISVDKSKNTLYLQMNSLRAEDTAVYYCARGIYFYG------------------TTYFDYWGQGTLVTVSS
GDPa1-067,EIVLTQSPGTLSLSPGERATLSCRAS--QSVSS-----SYLAWYQQKPGQAPRLLIYG--------ASSRATGIPDRFSGSGSG--TDFTLTISRLEPEDFAVYYCQQYGSS----------------------PIFTFGPGTKVDIK-,QMQLVES-GGGVVQPGRSLRLSCTASG-FTFSN-----NGMHWVRQAPGKGLEWVAVIWFD---GMNKFYVDSVKGRFTISRDNSKNTLYLEMNSLRAEDTAIYYCAREGDGSGI---------------YYYYGMDVWGQGTTVTVSS
GDPa1-068,QSALTQP-RSVSGSPGQSVTISCTGTS-SSVGD----SIYVSWYQQHPGKAPKLMLYD--------VTKRPSGVPDRFSGSKSG--NTASLTISGLQAEDEADYYCYSYAG-----------------------TDTLFGGGTKVTVL-,EVQLVQS-GAEVKKPGASVKVSCKASG-YTFTS-----HGISWVRQAPGQGLDWMGWISPY---SGNTNYAQKLQGRVTMTTDTSTSTAYMELSSLRSEDTAVYYCARVGSGP-------------------YYYMDVWGQGTLVTVSS
GDPa1-069,DIQMTQSPSSLSASVGDRVTITCKAS--QDVG------IAVAWYQQKPGKVPKLLIYW--------ASTRHTGVPDRFSGSGSG--TDFTLTISSLQPEDVATYYCQQYSS-----------------------YPYTFGQGTKVEIK-,EVQLVES-GGGLVQPGGSLRLSCAASG-FDFSR-----YWMSWVRQAPGKGLEWIGEINPD---SSTINYAPSLKDKFIISRDNAKNSLYLQMNSLRAEDTAVYYCARPDGNY--------------------WYFDVWGQGTLVTVSS
GDPa1-070,DIQMTQSPSSLSASVGDRVTITCRAS--EDVN------TYVSWYQQKPGKAPKLLIYA--------ASNRYTGVPSRFSGSGSG--TDFTLTISSLQPEDFATYYCQQSFS------------------------YPTFGQGTKLEIK-,QVQLVQS-GAEVKKPGASVKVSCKASG-YTFTS-----YDISWVRQAPGQGLEWMGVIWT----DGGTNYAQKLQGRVTMTTDTSTSTAYMELRSLRSDDTAVYYCARDQRL----------------------YFDVWGQGTTVTVSS
GDPa1-071,NFMLTQP-HSVSESPGKTVTISCTRSS-GSIAS-----NYVQWYQQRPGSSPTTVIYE--------DNQRPSGVPDRFSGSIDSSSNSASLTISGLKTEDEADYYCQSYDGS----------------------NRWMFGGGTKLTVL-,EVQLLES-GGGLVQPGGSLRLSCAASG-FTFSS-----YAMSWVRQAPGKGLEWVSAISGS---GGSTYYADSVKGRFTISRDNSKNTLYLQMNSLRAEDTAVYYCAKDGSSGWY----------------VPHWFDPWGQGTLVTVSS
GDPa1-072,DIQMTQSPSSLSASVGDRVTITCSVS--SSVSS-----IYLHWYQQKPGKAPKLLIYS--------TSNLASGVPSRFSGSGSG--TDFTLTISSLQPEDFATYYCQVYSG-----------------------YPLTFGGGTKVEIK-,QVQLVQS-GAEVKKPGASVKVSCKASG-YTFTD-----YYMHWVRQAPGQGLEWMGRVNPN---RRGTTYNQKFEGRVTMTTDTSTSTAYMELRSLRSDDTAVYYCARANW------------------------LDYWGQGTTVTVSS
GDPa1-073,DIQMTQSPSSLSASVGDRVTITCRAS--QSVSTS--SYSYMHWYQQKPGKAPKLLIKY--------ASNLESGVPSRFSGSGSG--TDFTLTISSLQPEDFATYYCQHSWE-----------------------IPYTFGGGTKVEIK-,EVQLVES-GGGLVQPGGSLRLSCAASG-FTFSS-----YWMSWVRQAPGKGLEWVAEIRLKS-DNYATHYAESVKGRFTISRDDSKNSLYLQMNSLRAEDTAVYYCTGYYAD----------------------AMDYWGQGTLVTVSS
GDPa1-074,DIQMTQSPSSLSASVGDRVTITCKAS--QHVI------THVTWYQQKPGKAPKLLIYG--------TSYSYSGVPSRFSGSGSG--TDFTLTISSLQPEDFATYYCQQFYE-----------------------YPLTFGGGTKVEIK-,QVQLVQS-GAEVKKPGSSVKVSCKASG-GTFSY-----YWIEWVRQAPGQGLEWMGEILPG---SGTTNPNEKFKGRVTITADESTSTAYMELSSLRSEDTAVYYCARADYYGS-----------------DYVKFDYWGQGTLVTVSS
GDPa1-075,DIQLTQSPSSLSASVGDRVTMSCKSS--QSVLYSANHKNYLAWYQQKPGKAPKLLIYW--------ASTRESGVPSRFSGSGSG--TDFTFTISSLQPEDIATYYCHQYLS------------------------SWTFGGGTKLEIK-,QVQLVQS-GAEVKKPGSSVKVSCKASG-YTFTS-----YWLHWVRQAPGQGLEWIGYINPR---NDYTEYNQNFKDKATITADESTNTAYMELSSLRSEDTAFYFCARRDI-----------------------TTFYWGQGTTVTVSS
GDPa1-076,-QVLTQSPSSLSASVGDRVTINCQAS--QSVYH----NTYLAWYQQKPGKVPKQLIYD--------ASTLASGVPSRFSGSGSG--TDFTLTISSLQPEDVATYYCLGSYDCT-------------------NGDCFVFGGGTKVEIK-,EVQLVES-GGGLVQPGGSLRLSCAVSG-IDLSG-----YYMNWVRQAPGKGLEWVGVIGI----NGATYYASWAKGRFTISRDNSKTTVYLQMNSLRAEDTAVYFCARG---------------------------DIWGQGTLVTVSS
GDPa1-077,QSVLTQP-PSVSAAPGQKVTISCSGSS-SNIGN-----NYVSWYQQLPGTAPKLLIYD--------NNKRPSGIPDRFSGSKSG--TSTTLGITGLQTGDEADYYCGTWDSR---------------------LSAVVFGGGTKLTVL-,QVQLVES-GGGVVQPGRSLRLSCAASG-FTFSS-----FGMHWVRQAPGKGLEWVAVISFD---GSIKYSVDSVKGRFTISRDNSKNTLFLQMNSLRAEDTAVYYCARDRLNYYDSSG---------YYHYKYYGMAVWGQGTTVTVSS
GDPa1-078,EIVLTQSPATLSLSPGERATLSCQAS--QSIS------NFLHWYQQRPGQAPRLLIRY--------RSQSISGIPARFSGSGSG--TDFTLTISSLEPEDFAVYYCQQSGS-----------------------WPLTFGGGTKVEIK-,QVQLVES-GGGVVQPGRSLRLSCAASG-FTFSS-----YDMSWVRQAPGKGLEWVAKVSSG---GGSTYYLDTVQGRFTISRDNSKNTLYLQMNSLRAEDTAVYYCARHLHG----------------------SFASWGQGTTVTVSS
GDPa1-079,DIQMTQSPSSLSASVGDRVTITCRAS--ESVD------DLLHWYQQKPGKAPKLLIKY--------ASQSISGVPSRFSGSGSG--TDFTLTISSLQPEDFATYYCQQGNS-----------------------LPNTFGQGTKVEIK-,EVQLVES-GGGLVQPGGSLRLSCAASG-FFITN-----NYWGWVRQAPGKGLEWVGYISY----SGSTSYNPSLKSRFTISRDTSKNTFYLQMNSLRAEDTAVYYCARTGSS---------------------GYFDFWGQGTLVTVSS
GDPa1-080,DIQMTQSPSTLSASVGDRVTITCRAS--QSIR------SWLAWYQQKPGKAPKLLIYK--------ASSLESGVPSRFSGSGSG--TEFTLTISSLQPDDFATYYCQQYNS-----------------------YSYTFGQGTKLEIK-,EVQLVES-GGGVIQPGGSLRLSCAASG-FTFDD-----YAMNWVRQGPGKGLEWVSAISGD---GGSTYYADSVKGRFTISRDNSKNSLYLQMNSLRAEDTAFFYCAKDLRNTIFG-------------VVIPDAFDIWGQGTMVTVSS
GDPa1-081,ESALTQP-ASVSGSPGQSITISCTGTS-SDVGG----YNSVSWYQQHPGKAPKLMIYE--------VSNRPSGVSNRFSGSKSG--NTASLTISGLQAEDEADYYCNSYTS-----------------------TSMVFGGGTKLTVL-,EVQLVQS-GAEVKKPGASVKVSCKASG-YTLTS-----YGISWVRQAPGQGLEWMGWVSFY---NGNTNYAQKLQGRGTMTTDPSTSTAYMELRSLRSDDTAVYYCARGYG------------------------MDVWGQGTTVTVSS
GDPa1-082,DIQLTQSPSSLSASVGDRVTITCSVS--SSISS-----NNLHWYQQKPGKAPKPWIYG--------TSNLASGVPSRFSGSGSG--TDYTFTISSLQPEDIATYYCQQWSSY---------------------PYMYTFGQGTKVEIK-,EVQLVES-GGGVVQPGRSLRLSCSASG-FTFSG-----YGLSWVRQAPGKGLEWVAMISSG---GSYTYYADSVKGRFAISRDNAKNTLFLQMDSLRPEDTGVYFCARHGDDP--------------------AWFAYWGQGTPVTVSS
GDPa1-083,DIQMTQSPSSLSASAGDRVTITCRAS--QAIR------NDLGWYQQKPGKAPKRLIYA--------AFNLQSGVPSRFSGSGSG--TEFTLTISSLQPEDLASYYCQQYNR-----------------------YPWTFGQGTKVEIK-,QVQLVQS-GAEVKKPGASVKVSCKVSG-FTLTE-----LSIHWVRQAPGKGLEWMGGFDPE---DGETIYAQKFQGRVTMTEDTSTDTAYMELTSLRSEDTAVYYCSTIFGVV--------------------TNFDNWGQGTLVTVSS
GDPa1-084,QAVLTQP-PSVSGAPGQRVTISCTGSS-SNIGA----GYGVHWYQQLPGTAPKLLIYG--------DSNRPSGVPDRFSGSKSG--TSASLAITGLQAEDEADYYCQSYDNS---------------------LSGYVFGGGTQLTVL-,QVQLVQS-GAEVKKPGASVKVSCKASG-YTFTN-----YYMHWVRQAPGQGLEWVGWINPY---TGSAFYAQKFRGRVTMTRDTSISTAYMELSRLRSDDTAVYYCAREPEKFD------------------SDDSDVWGRGTLVTVSS
GDPa1-085,DIVMTQSPDSLAMSLGERVTLNCKAS--ENVV------SYVSWYQQKPGQSPKLLIYG--------ASNRESGVPDRFSGSGSA--TDFTLTISSVQAEDVADYHCGQSYN-----------------------YPYTFGQGTKLEIK-,QVQLVQP-GAEVKKPGTSVKLSCKASG-YTFTT-----YWMHWVRQAPGQGLEWIGEINPT---NGHTNYNQKFQGRATLTVDKSTSTAYMELSSLRSEDTAVYYCARNYVG---------------------SIFDYWGQGTLLTVSS
GDPa1-086,DIQMTQFPSSLSASVGDRVTITCRAS--QGIR------NDLGWYQQKPGKAPKRLIYA--------ASRLHRGVPSRFSGSGSG--TEFTLTISSLQPEDFATYYCLQHNS-----------------------YPCSFGQGTKLEIK-,EVQLLES-GGGLVQPGGSLRLSCTASG-FTFSS-----YAMNWVRQAPGKGLEWVSAISGS---GGTTFYADSVKGRFTISRDNSRTTLYLQMNSLRAEDTAVYYCAKDLGWSDSY--------------YYYYGMDVWGQGTTVTVSS
GDPa1-087,AIQLTQSPSSLSASVGDRVTITCRAS--QGIS------SALAWYQQKPGKAPKLLIYD--------ASSLESGVPSRFSGSGSG--TDFTLTISSLQPEDFATYYCQQFNS-----------------------YPLTFGGGTKVEIK-,QVQLVQS-GAEVKRPGASVKVSCKASG-YTFTN-----DIIHWVRQAPGQRLEWMGWINAG---YGNTQYSQNFQDRVSITRDTSASTAYMELISLRSEDTAVYYCAREPLWFGESS------------PHDYYGMDVWGQGTTVTVSS
GDPa1-088,EIVLTQSPATLSLSPGERATLSCRAS--QSVS------SYLAWYQQKPGQAPRLLIYD--------ASNRATGIPARFSGSGSG--TDFTLTISSLEPEDFAVYYCQQRSNW----------------------PPLTFGGGTKVEIK-,QVQLVES-GGGVVQPGRSLRLSCAASG-FKFSG-----YGMHWVRQAPGKGLEWVAVIWYD---GSKKYYVDSVKGRFTISRDNSKNTLYLQMNSLRAEDTAVYYCARQMGY---------------------WHFDLWGRGTLVTVSS
GDPa1-089,EIVLTQSPATLSLSPGERATLSCKAS--KRVT------TYVSWYQQKPGQAPRLLIYG--------ASNRYLGIPARFSGSGSG--TDFTLTISSLEPEDFAVYYCSQSYN-----------------------YPYTFGQGTKLEIK-,EVQLVES-GGGLVQPGGSLRLSCAASG-FTFSN-----YWISWVRQAPGKGLEWVAEIRSES-DASATHYAEAVKGRFTISRDNAKNSLYLQMNSLRAEDTAVYYCLAYFDYG-------------------LAIQNYWGQGTLVTVSS
GDPa1-090,ETVLTQSPGTLSLSPGERATLSCRAS--QSLGS-----SYLAWYQQKPGQAPRLLIYG--------ASSRAPGIPDRFSGSGSG--TDFTLTISRLEPEDFAVYYCQQYAD-----------------------SPITFGQGTRLEIK-,QVQLVQS-GAEVKKPGSSVKVSCKASG-YTFSS-----NVISWVRQAPGQGLEWMGGVIPI---VDIANYAQRFKGRVTITADESTSTTYMELSSLRSEDTAVYYCASTLGLV-------------------LDAMDYWGQGTLVTVSS
GDPa1-091,AIQLTQSPSSLSASVGDRVTITCRAS--QGIS------SALAWYQQKPGKAPKLLIYD--------ASSLESGVPSRFSGSGSG--TDFTLTISSLQPEDFATYYCQQFNS-----------------------YPLTFGGGTKVEIK-,EVQLVES-GGGLVQPGGSLRLSCAASG-FTLRS-----YSMNWVRQAPGKGLEWVSYISRS---SHTIFYADSVKGRFTISRDNAKNSLYLQMDSLRDEDTAMYYCARVYSSGWH----------------VSDYFDYWGQGILVTVSS
GDPa1-092,DIQMTQSPSSLSASVGDRVTITCRAS--KDIS------KYLNWYQQKPGKAPKLLIYY--------TSGYHSGVPSRFSGSGSG--TDFTLTISSLQPEDFATYYCQQGDA-----------------------LPPTFGGGTKVEIK-,QVQLVQS-GAEVKKPGSSVKVSCKASG-YTFGN-----YWMQWVRQAPGQGLEWMGAIYEG---TGKTVYIQKFADRVTITADKSTSTAYMELSSLRSEDTAVYYCARLSDYV--------------------SGFGYWGQGTTVTVSS
GDPa1-093,ESALTQP-PSVSGAPGQKVTISCTGST-SNIGG-----YDLHWYQQLPGTAPKLLIYD--------INKRPSGISDRFSGSKSG--TAASLAITGLQTEDEADYYCQSYDSS---------------------LNAQVFGGGTRLTVL-,QVQLQES-GPGLVKPSETLSLTCAVSG-GSISG----GYGWGWIRQPPGKGLEWIGSFYSS---SGNTYYNPSLKSQVTISTDTSKNQFSLKLNSMTAADTAVYYCVRDRLFSVVG-------------MVYNNWFDVWGPGVLVTVSS
GDPa1-094,DVVMTQSPLSLPVTPGEPASISCRSS--QSLLHSN-GYNYLDWYLQKPGQSPQLLIYL--------GSNRASGVPDRFSGSGSG--TDFTLKISRVEAEDVGVYYCMQGTH-----------------------WPLTFGQGTKVEIK-,QVQLQES-GPGLVKPSGTLSLTCAVSG-GSISS----SNWWSWVRQPPGKGLEWIGEIYH----SGSTNYNPSLKSRVTISVDKSKNQFSLKLSSVTAADTAVYYCARWTGRT--------------------DAFDIWGQGTMVTVSS
GDPa1-095,DIVLTQSPATLSLSPGERATLSCRAS--QSVSS-----SYLAWYQQKPGQAPRLLIYG--------ASSRATGVPARFSGSGSG--TDFTLTISSLEPEDFATYYCLQIYN-----------------------MPITFGQGTKVEIK-,QVELVES-GGGLVQPGGSLRLSCAASG-FTFSS-----YAMSWVRQAPGKGLEWVSAINAS---GTRTYYADSVKGRFTISRDNSKNTLYLQMNSLRAEDTAVYYCARGKGNTHKP-------------YGYVRYFDVWGQGTLVTVSS
GDPa1-096,DIVMTQSPLSNPVTPGEPASISCRSS--KSLLHSN-GITYFFWYLQKPGQSPQLLIYQ--------MSNLASGVPDRFSGSGSG--TDFTLRISRVEAEDVGVYYCAQNLE-----------------------LPPTFGQGTKVEIK-,EVQLVES-GGGLVQPGGSMRLSCVASG-FPFSN-----YWMNWVRQAPGKGLEWVGEIRLKS-NNYTTHYAESVKGRFTISRDDSKNSLYLQMNSLKTEDTAVYYCTRHYY------------------------FDYWGQGTLVTVSS
GDPa1-097,DIQLTQSPSTLSASVGDRVTITCRAS--ESLDNY--GIRFLTWFQQKPGKAPKLLMYA--------ASNQGSGVPSRFSGSGSG--TEFTLTISSLQPDDFATYYCQQTKE-----------------------VPWSFGQGTKVEVK-,EVQLVQS-GAEVKKPGSSVKVSCKASG-YTITD-----SNIHWVRQAPGQSLEWIGYIYPY---NGGTDYNQKFKNRATLTVDNPTNTAYMELSSLRSEDTAFYYCVNGNP-----------------------WLAYWGQGTLVTVSS
GDPa1-098,DIQMTQSTSSLSASVGDRVTITCRAS--QDIS------NYLSWYQQKPGKAVKLLIYY--------TSKLHSGVPSRFSGSGSG--TDYTLTISSLQQEDFATYFCLQGKM-----------------------LPWTFGQGTKLEIK-,QVQLQES-GPGLVKPSQTLSLTCSFSG-FSLSTS---GMGVGWIRQPSGKGLEWLAHIWW----DGDESYNPSLKSRLTISKDTSKNQVSLKITSVTAADTAVYFCARNRYDP--------------------PWFVDWGQGTLVTVSS
GDPa1-099,EIVLTQSPVTLSVSPGERVTLSCRAS--QSVS------TNLAWYQQKLGQGPRLLIYG--------ASTRATDIPARFSGSGSE--TEFTLTISSLQSEDFAVYYCQQYDK-----------------------WPDTFGQGTKLEIK-,EVQLVES-GGGLVQPGGSLRLSCAASG-FTFSR-----HWMHWLRQVPGKGPVWVSRINGA---GTSITYADSVRGRFTISRDNANNTLFLQMNSLRADDTALYFCARANSVWF------------------RGLFDYWGQGTPVTVSS
GDPa1-100,DIVMTQSQRFMSTTVGDRVSITCKAS--QNVV------SAVAWYQQKPGQSPKLLIYS--------ASNRYTGVPDRFTGSGSG--TDFTLTISNMQSEDLADFFCQQYSN-----------------------YPWTFGGGTKLEIK-,DVKLVES-GGGLVKLGGSLKLSCAASG-FTFSN-----YYMSWVRQTPEKRLELVAAINSD---GGITYYLDTVKGRFTISRDNAKNTLYLQMSSLKSEDTALFYCARHRSGY--------------------FSMDYWGQGTSVTVSS
GDPa1-101,EIVMTQSPATLSVSPGERATLSCRAS--QSVD------NNLVWYQQKPGQAPRLLIYG--------ASTRATGIPARFSGSGSG--TEFTLTISSLQSEDFAVYYCQQYNNW----------------------PPWTFGQGTKVEIK-,QVQLQES-GPGLVKPSQTLSLTCTVSG-GSISSF---NYYWSWIRHHPGKGLEWIGYIYY----SGSTYSNPSLKSRVTISVDTSKNQFSLTLSSVTAADTAVYYCARGYNW---------------------NYFDYWGQGTLVTVSS
GDPa1-102,EIVLTQSPATLSLSPGERATLSCRAS--QSVY------SYLAWYQQKPGQAPRLLIYD--------ASNRATGIPARFSGSGSG--TDFTLTISSLEPEDFAVYYCQQRSNW----------------------PPFTFGPGTKVDIK-,QVQLVES-GGGVVQPGRSLRLSCAASG-FIFSS-----YAMHWVRQAPGNGLEWVAFMSYD---GSNKKYADSVKGRFTISRDNSKNTLYLQMNSLRAEDTAVYYCARDRGIAAGG-------------NYYYYGMDVWGQGTTVTVSS
GDPa1-103,QSVLTQP-PSVSGAPGQRVTISCTGSS-SNIGS----GYDVHWYQQLPGTAPKLLIYG--------NSKRPSGVPDRFSGSKSG--TSASLAITGLQSEDEADYYCASWTDG---------------------LSLVVFGGGTKLTVL-,EVQLVQS-GAEVKKPGESLKISCKGSG-YSFSN-----YWIGWVRQMPGKGLEWMGIIDPS---NSYTRYSPSFQGQVTISADKSISTAYLQWSSLKASDTAMYYCARWYYK----------------------PFDVWGQGTLVTVSS
GDPa1-104,DIVLTQSPATLSLSPGERATLSCRAS--QFILP-----EYLSWYQQKPGQAPRLLIYG--------SSSRATGVPARFSGSGSG--TDFTLTISSLEPEDFAVYYCQQFYS-----------------------SPLTFGQGTKVEIK-,QVQLQQS-GPGLVKPSQTLSLTCAISG-DSVSSN---SAAWGWIRQSPGRGLEWLGRIYYR--SKWYNSYAVSVKSRITINPDTSKNQFSLQLNSVTPEDTAVYYCARYQWVPK------------------IGVFDSWGQGTLVTVSS
GDPa1-105,DIVMTQSPDSLAVSLGERVTMNCKSS--QSLLYSTNQKNYLAWYQQKPGQSPKLLIYW--------ASTRESGVPDRFSGSGSG--TDFTLTISSVQAEDVAVYYCQQYYS------------------------YRTFGGGTKLEIK-,QVQLQQS-GPEVVKPGASVKMSCKASG-YTFTS-----YVIHWVRQKPGQGLDWIGYINPY---NDGTDYDEKFKGKATLTSDTSTSTAYMELSSLRSEDTAVYYCAREKDNYA-----------------TGAWFAYWGQGTLVTVSS
GDPa1-106,EIVLTQSPGTLSLSPGERATLSCRAS--QSVSS-----SYLAWYQQKPGQAPRLLIYG--------ASSRATGIPDRFSGSGSG--TDFTLTISRLEPEDFAVYYCQQYGS-----------------------SPLTFGGGTKVEIK-,QAQVVES-GGGVVQSGRSLRLSCAASG-FAFSS-----YGMHWVRQAPGKGLEWVAVIWYD---GSNKYYADSVRGRFTISRDNSENTLYLQMNSLRAEDTAVYYCARDHYGSGVH-------------HYFYYGLDVWGQGTTVTVSS
GDPa1-107,DIQMTQSPSSLSASVGDRVTITCRAS--QGIN------NYLNWYQQKPGKAPKRLIYN--------TNNLQTGVPSRFSGSGSG--TEFTLTISSLQPEDFATYYCLQHNS------------------------FPTFGQGTKLEIK-,QVQLVQS-GAEVKKPGSSVKVSCKASG-FTFTD-----YKIHWVRQAPGQGLEWMGYFNPN---SGYSTYAQKFQGRVTITADKSTSTAYMELSSLRSEDTAVYYCARLSPGG-------------------YYVMDAWGQGTTVTVSS
GDPa1-108,EIVLTQSPATLSLSPGERATLSCRAS--QSVS------SYLAWYQQKPGQAPRLLIYD--------ASNRATGIPARFSGSGSG--TDFTLTISSLEPEDFAVYYCQQRSN-----------------------WPLTFGGGTKVEIK-,EVQLVES-GGGLVRPGGSLRLSCAASG-FTFSN-----YDMHWVRQATGKGLEWVSAITA----AGDIYYPGSVKGRFTISRENAKNSLYLQMNSLRAGDTAVYYCARGRYSGSGS--------------YYNDWFDPWGQGTLVTVSS
GDPa1-109,EIVLTQSPDFQSVTPKEKVTITCRAS--ESVDTF--GISFMNWFQQKPDQSPKLLIHE--------ASNQGSGVPSRFSGSGSG--TDFTLTINSLEAEDAATYYCQQSKE-----------------------VPFTFGGGTKVEIK-,EVQLVES-GGGLVQPGGSLRLSCAASG-FTFSS-----SWMNWVRQAPGKGLEWVGRIYPG---DGDTNYNVKFKGRFTISRDDSKNSLYLQMNSLKTEDTAVYYCARSGFITT------------------VRDFDYWGQGTLVTVSS
GDPa1-110,DILLTQSPAILSVSPGERVSFSCRAS--QFVG------SSIHWYQQRTNGSPRLLIKY--------ASESMSGIPSRFSGSGSG--TDFTLSINTVESEDIADYYCQQSHS-----------------------WPFTFGSGTNLEVK-,EVKLEES-GGGLVQPGGSMKLSCVASG-FIFSN-----HWMNWVRQSPEKGLEWVAEIRSKS-INSATHYAESVKGRFTISRDDSKSAVYLQMTDLRTEDTGVYYCSRNYYG---------------------STYDYWGQGTTLTVSS
GDPa1-111,DVQVTQSPSSLSASVGDRVTITCRSS--QSLANSY-GNTFLSWYLHKPGKAPQLLIYG--------ISNRFSGVPDRFSGSGSG--TDFTLTISSLQPEDFATYYCLQGTH-----------------------QPYTFGQGTKVEIK-,EVQLVQS-GAEVKKPGASVKVSCKASG-YRFTN-----YWIHWVRQAPGQGLEWIGGINPG---NNYATYRRKFQGRVTMTADTSTSTVYMELSSLRSEDTAVYYCTREGYGNY------------------GAWFAYWGQGTLVTVSS
GDPa1-112,EIVLTQSPATLSLSPGERATLSCRAS--QSVS------SYLAWYQQKPGQAPRLLIYD--------ASNRATGIPARFSGSGSG--TDFTLTISSLEPEDFAVYYCQQRSNW----------------------PPFTFGPGTKVDIK-,QVQLVES-GGGVVQPGRSRRLSCAASG-FTFSR-----YTMHWVRQAPGKGLEWVAVISFD---GSNKYYVDSVKGRFTISRDNSENTLYLQVNILRAEDTAVYYCAREARGS--------------------YAFDIWGQGTMVTVSS
GDPa1-113,EIVLTQSPGTLSLSPGERATLSCRAS--QSVGS-----SYLAWYQQKPGQAPRLLIYG--------AFSRATGIPDRFSGSGSG--TDFTLTISRLEPEDFAVYYCQQYGS-----------------------SPWTFGQGTKVEIK-,QVQLVES-GGGVVQPGRSLRLSCAASG-FTFSS-----YTMHWVRQAPGKGLEWVTFISYD---GNNKYYADSVKGRFTISRDNSKNTLYLQMNSLRAEDTAIYYCARTGWL---------------------GPFDYWGQGTLVTVSS
GDPa1-114,DIVMTQSHLSMSTSLGDPVSITCKAS--QDVS------TVVAWYQQKPGQSPRRLIYS--------ASYRYIGVPDRFTGSGAG--TDFTFTISSVQAEDLAVYYCQQHYS-----------------------PPYTFGGGTKLEIK-,QVQLVQS-GAEVAKPGTSVKLSCKASG-YTFTD-----YWMQWVKQRPGQGLEWIGTIYPG---DGDTGYAQKFQGKATLTADKSSKTVYMHLSSLASEDSAVYYCARGDYYG-------------------SNSLDYWGQGTSVTVSS
GDPa1-115,DIVMTQSPLSLTVTPGEPASISCRSS--QSLLYSN-GYNYLDWYLQKPGQSPQVLISL--------GSNRASGVPDRFSGSGSG--TDFTLKISRVEAEDVGVYYCMQARQ-----------------------TPFTFGPGTKVDIR-,QVQLVES-GGGVVQPGRSLRLSCAASG-FTFSS-----YGMHWVRQAPGKGLEWVAVISYE---ESNRYHADSVKGRFTISRDNSKITLYLQMNSLRTEDTAVYYCARDGGIA-------------------APGPDYWGQGTLVTVSS
GDPa1-116,DIQMTQSPSSLSASVGDRVTITCKAS--RDIR------SYLTWYQQKPGKAPKTLIYY--------ATSLADGVPSRFSGSGSG--QDYSLTISSLESDDTATYYCLQHGE-----------------------SPFTLGSGTKLEIK-,EVQLVES-GGGLVKPGGSLKLSCAASG-FKFSR-----YAMSWVRQAPGKRLEWVATISSG---GSYIYYPDSVKGRFTISRDNVKNTLYLQMSSLRSEDTAMYYCARRDYDL--------------------DYFDSWGQGTLVTVSS
GDPa1-117,DIVMTQTPLSLSVTPGQPASISCRSS--RSLVHSR-GNTYLHWYLQKPGQSPQLLIYK--------VSNRFIGVPDRFSGSGSG--TDFTLKISRVEAEDVGVYYCSQSTH-----------------------LPFTFGQGTKLEIK-,QVQLVQS-GAEVKKPGSSVKVSCKASG-YSFTD-----YHIHWVRQAPGQGLEWMGVINPM---YGTTDYNQRFKGRVTITADESTSTAYMELSSLRSEDTAVYYCARYDYFT--------------------GTGVYWGQGTLVTVSS
GDPa1-118,DVVMTQSPLSLPVTLGQPASISCRSS--QSLLHSS-GNTYLEWYQQRPGQSPRPLIYK--------ISTRFSGVPDRFSGSGSG--TDFTLKISRVEAEDVGVYYCFQGSH-----------------------VPYTFGGGTKVEIK-,QVQLVQS-GAEVKKPGASVKVSCKASG-LTIED-----YYMHWVRQAPGQGLEWMGWIDPE---NGDTEYGPKFQGRVTMTRDTSINTAYMELSRLRSDDTAVYYCAVHNAHY-------------------GTWFAYWGQGTLVTVSS
GDPa1-119,DIQVTQSPSSLSASVGDRVTITCITS--TDID------DDMNWYQQKPGKVPKLLISG--------GNTLRPGVPSRFSGSGSG--TDFTLTISSLQPEDVATYYCLQSDS-----------------------LPYTFGQGTKVEIK-,EVQLVQS-GPELKKPGASVKVSCKASG-YTFTN-----YGMNWVRQAPGQGLEWMGWINTY---TGETTYADDFKGRFVFSLDTSVSTAYLQISSLKAEDTAVYYCEREGG------------------------VNNWGQGTLVTVSS
GDPa1-120,DIQMTQSPSTLSASVGDRVTITCRAS--QSIS------SWLAWYQQKPGKAPKLLIYK--------ASTLESGVPSRFSGSGSG--TEFTLTISSLQPDDFATYYCQQYNT------------------------YWTFGQGTKVEIK-,EVQLLES-GGGLVQPGGSLRLSCAASG-FTFSH-----YIMMWVRQAPGKGLEWVSGIYSS---GGITVYADSVKGRFTISRDNSKNTLYLQMNSLRAEDTAVYYCAYRRIGVP-----------------RRDEFDIWGQGTMVTVSS
GDPa1-121,EIVLTQSPGTLSLSPGERATLSCRAS--SSVSS-----SYLHWYQQKPGQAPRLLIYS--------TSNLVAGIPDRFSGSGSG--TDFTLTISRLEPEDFAVYYCQHHSG-----------------------YHFTFGGGTKVEIK-,EVQLVES-GGGLVQPGGSLRLSCAASG-LTFSR-----YPMSWVRQAPGKGLVWVSAITSS---GGSTYYSDTVKGRFTISRDNAKNTLYLQMNSLRAEDTAVYYCARLP--------------------------DYWGQGTLVTVSS
GDPa1-122,DIVMTQSPDSLSVSLGERATINCRAS--KSVDSY--GNSFMHWYQQKPGQPPKLLIYL--------ASNLESGVPDRFSGSGSG--TDFTLTISSLQAEDVAVYYCQQNNE-----------------------DPRTFGGGTKVEIK-,QVTLRES-GPALVKPTQTLTLTCTVSG-FSLSA-----YSVNWIRQPPGKALEWLAMIWG----DGKIVYNSALKSRLTISKDTSKNQVVLTMTNMDPVDTATYYCAGDGYYP--------------------YAMDNWGQGSLVTVSS
GDPa1-123,EIVLTQSPATLSVSPGERATLSCRAS--QSVG------TNVAWYQQKPGQAPRVLIYS--------TSSRATGITDRFSGSGSG--TDFTLTISRLEPEDFAVYYCQQFNK-----------------------SPLTFGGGTKVEIK-,QVQLVQS-GAEVKKPGASVKVSCKASG-YSFTN-----YYIHWVRQAPGQRLEWMGWINAG---NGNTKYSQKFQGRVTITRDTSASTAYMELSSLRSEDTAVYYCVRRQRFP--------------------YYFDYWGQGTLVTVSS
GDPa1-124,SSELTQD-PAVSVALGQTVRITCQGD---SLRS-----YYASWYQQKPGQAPVLVIYG--------KNNRPSGIPDRFSGSSSG--NTASLTITGAQAEDEADYYCNSRDSS---------------------GNHVVFGGGTKLTVL-,EVQLVQS-GGGVERPGGSLRLSCAASG-FTFDD-----YGMSWVRQAPGKGLEWVSGINWN---GGSTGYADSVKGRVTISRDNAKNSLYLQMNSLRAEDTAVYYCAKILGAGR------------------GWYFDLWGKGTTVTVSS
GDPa1-125,EIVMTQSPATLSVSPGERATLSCRAS--QSIG------TNIHWYQQKPGQAPRLLIYY--------ASESISGIPARFSGSGSG--TEFTLTISSLQSEDFAVYYCQQSWS-----------------------WPTTFGGGTKVEIK-,QVQLVQS-GAEVMKPGSSVKVSCKASG-YTFSW-----YWLEWVRQAPGHGLEWMGEIDPG---TFTTNYNEKFKARVTFTADTSTSTAYMELSSLRSEDTAVYYCARFSHFSGS----------------NYDYFDYWGQGTLVTVSS
GDPa1-126,DIQMTQSPSSLSASVGDRVTITCRAS--ESVDNY--GISFMNWFQQKPGKAPKLLIYA--------ASNQGSGVPSRFSGSGSG--TDFTLTISSLQPDDFATYYCQQSKE-----------------------VPWTFGQGTKVEIK-,QVQLVQS-GAEVKKPGSSVKVSCKASG-YTFTD-----YNMHWVRQAPGQGLEWIGYIYPY---NGGTGYNQKFKSKATITADESTNTAYMELSSLRSEDTAVYYCARGRP-----------------------AMDYWGQGTLVTVSS
GDPa1-127,EIVLTQSPVTLSLSPGERATLSCRAS--QSVS------SYLAWYQQKPGQAPRLLIYD--------ASNRATGIPARFSGSGSG--TDFTLTISSLEPEDFAVYYCQQRSN-----------------------WMYTFGQGTKLEIK-,QVQLVQS-GAEVKKPGSSVKVSCKASG-GTFSF-----YAISWVRQAPGQGLEWMGGFIPI---FGAANYAQKFQGRVTITADESTSTAYMELSSLRSDDTAVYYCARIPSGSYY----------------YDYDMDVWGQGTTVTVSS
GDPa1-128,EIVLTQSPAIMSASPGERVTMTCSAS--SGVN-------YMHWYQQKPGTSPRRWIYD--------TSKLASGVPARFSGSGSG--TSYSLTISSMEPEDAATYYCHQRG-------------------------SYTFGGGTKLEIK-,QVQLVQP-GAEVVKPGASVKLSCKTSG-YTFTS-----NWMHWVKQAPGQGLEWIGEIDPS---DSYTNYNQNFQGKAKLTVDKSTSTAYMEVSSLRSDDTAVYYCARGSNPY-------------------YYAMDYWGQGTSVTVSS
GDPa1-129,DVVMTQSPLSLPVTLGQPASISCRSS--QIIIHSD-GNTYLEWFQQRPGQSPRRLIYK--------VSNRFSGVPDRFSGSGSG--TDFTLKISRVEAEDVGVYYCFQGSH-----------------------VPHTFGQGTKVEIK-,QVQLVES-GGGVVQPGRSLRLSCAASG-FTFSS-----FGMHWVRQAPGKGLEWVAYISSG---SFTIYYADSVKGRFTISRDNSKNTLYLQMNSLRAEDTAVYYCARMRKG---------------------YAMDYWGQGTLVTVSS
GDPa1-130,DIVMTQSPLSLTVTPGEPASISCRSS--QSLLYSN-GYNYLDWYLQKPGQSPQVLISL--------GSNRASGVPDRFSGSGSG--TDFTLKISRVEAEDVGVYYCMQARQ-----------------------TPFTFGPGTKVDIR-,QVQLVES-GGGVVQPGRSLRLSCAASG-FTFSS-----YGMHWVRQAPGKGLEWVAVISYE---ESNRYHADSVKGRFTISRDNSKITLYLQMNSLRTEDTAVYYCARDGGIA-------------------APGPDYWGQGTLVTVSS
GDPa1-131,DIQMTQSPSSLSASVGDRVTITCRAS--QDIR------YYLNWYQQKPGKAPKLLIYV--------ASSLQSGVPSRFSGSGSG--TEFTLTVSSLQPEDFATYYCLQVYS-----------------------TPRTFGQGTKVEIK-,EVQLVES-GGGLAKPGGSLRLSCAASG-FRFTFN---NYYMDWVRQAPGQGLEWVSRISSS---GDPTWYADSVKGRFTISRENANNTLFLQMNSLRAEDTAVYYCASLTT-----------------------GSDSWGQGVLVTVSS
GDPa1-132,DIVMTQSPDSLAVSLGERATINCKSS--QSVLNSGNQKNYLTWYQQKPGQPPKLLIYW--------ASTRESGVPDRFSGSGSG--TDFTLTISSLQAEDVAVYYCQSDYS-----------------------YPYTFGQGTKLEIK-,QVQLVQS-GAEVKKPGASVKVSCKASG-YTFRS-----SYISWVRQAPGQGLEWMGWIYAG---TGSPSYNQKLQGRVTMTTDTSTSTAYMELRSLRSDDTAVYYCARHRDYY-------------------SNSLTYWGQGTLVTVSS
GDPa1-133,DIVMTQSHKFMSTSVGDRVSITCKAS--QDVN------TAVAWYQQKPGHSPKLLIYS--------ASFRYTGVPDRFTGSRSG--TDFTFTISSVQAEDLAVYYCQQHYT-----------------------TPPTFGGGTKVEIK-,QVQLQQS-GPELVKPGASLKLSCTASG-FNIKD-----TYIHWVKQRPEQGLEWIGRIYPT---NGYTRYDPKFQDKATITADTSSNTAYLQVSRLTSEDTAVYYCSRWGGDG-------------------FYAMDYWGQGASVTVSS
GDPa1-134,DIQMTQSPSSLSASVGDRVTITCSAS--SSVT-------YMYWYQQKPGKAPKLLIYD--------TSNLASGVPSRFSGSGSG--TDYTFTISSLQPEDIATYYCQQWSS-----------------------HIFTFGQGTKVEIK-,QVQLVQS-GAEVKKPGASVKVSCKASG-YTFTS-----HWMHWVRQAPGQGLEWIGEFNPS---NGRTNYNEKFKSKATMTVDTSTNTAYMELSSLRSEDTAVYYCASRDYDYD------------------GRYFDYWGQGTLVTVSS
GDPa1-135,QSVLTQP-PSVSGAPGQRVTISCTGSG-SNIGA----PYDVSWYQQLPGTAPKLLIYH--------NNKRPSGVPDRFSGSKSG--TSASLAITGLQAEDEADYYCATVEAG---------------------LSGSVFGGGTKLTVL-,QVQLVQS-GAEVKKPGASVKVSCKVSG-YTLTE-----LSIHWVRQAPGKGLEWMGGFDPE---ENEIVYAQRFQGRVTMTEDTSTDTAYMELSSLRSEDTAVYYCAIVGSFS-------------------PLTLGLWGQGTMVTVSS
GDPa1-136,DIVMTQSPDSLAVSLGERATINCKSS--QSLLNSGNQKNYLAWYQQKPGQPPKLLIYG--------ASTRESGVPDRFSGSGSG--TDFTLTISSLQAEDVAVYYCQNVHS-----------------------FPFTFGGGTKLEIK-,QVTLRES-GPALVKPTQTLTLTCTVSG-FSLTS-----YSVHWVRQPPGKGLEWLGVIWA----SGGTDYNSALMSRLSISKDTSRNQVVLTMTNMDPVDTATYYCARDPPSS-------------------LLRLDYWGRGTPVTVSS
GDPa1-137,DIQLTQSPLSLPVTLGQPASISCRSS--QSLVHRN-GNTYLHWFQQRPGQSPRLLIYT--------VSNRFSGVPDRFSGSGSG--TDFTLKISRVEAEDVGVYFCSQSSH-----------------------VPPTFGAGTRLEIK-,QVQLQQS-GSELKKPGASVKVSCKASG-YTFTN-----YGVNWIKQAPGQGLQWMGWINPN---TGEPTFDDDFKGRFAFSLDTSVSTAYLQISSLKADDTAVYFCSRSRGKN-------------------EAWFAYWGQGTLVTVSS
GDPa1-138,DIQMTQSPSSLSASVGDRVTITCKAS--DHIL------KFLTWYQQKPGKAPKLLIYG--------ATSLETGVPSRFSGSGSG--TDFTLTISSLQPEDFATYYCQMYWS-----------------------TPFTFGGGTKVEIK-,QVQLVQS-GAEVKKPGSSVKVSCKASG-YKFTR-----YVMHWVRQAPGQGLEWMGYINPY---NDGTNYNEKFKGRVTITADKSTSTAYMELSSLRSEDTAVYYCARNWD------------------------TGLWGQGTTVTVSS
GDPa1-139,DIVLTQSPLSLAVSLGQPAIISCKAS--QSVSFA--GTSLMHWYHQKPGQQPRLLIYR--------ASNLEAGVPDRFSGSGSK--TDFTLTISPVEAEDAATYYCQQSRE-----------------------YPYTFGGGTKLEIK-,QVQLVQS-GAEVVKPGASVKISCKASG-YTFTG-----YFMNWVKQSPGQSLEWIGRIHPY---DGDTFYNQKFQGKATLTVDKSSNTAHMELLSLTSEDFAVYYCTRYDGS---------------------RAMDYWGQGTTVTVSS
GDPa1-140,QSVLTQP-PSASGTPGQRVTISCTGSS-SNIGA----GYNVYWYQQLPGTAPKLLIYG--------NINRPSGVPDRFSGSKSG--TSASLAISGLRSEDEADYYCAAWDKS---------------------ISGLVFGGGTKLTVL-,EVQLLES-GGGLVQPGGSLRLSCAASG-FTFST-----YGMHWVRQAPGKGLEWLSYISGG---SSYIFYADSVRGRFTISRDNSENALYLQMNSLRAEDTAVYYCARILRGG--------------------SGMDLWGQGTLVTVSS
GDPa1-141,DVLMTQSPLSLPVTPGEPASISCRSS--RNIVHIN-GDTYLEWYLQKPGQSPQLLIYK--------VSNRFSGVPDRFSGSGSG--TDFTLKISRVEAEDVGVYYCFQGSL-----------------------LPWTFGQGTKVEIK-,EVQLVES-GGDLVQPGRSLRLSCAASG-FIFSN-----YGMSWVRQAPGKGLEWVATISSA---STYSYYPDSVKGRFTISRDNAKNSLYLQMNSLRVEDTALYYCGRHSDGN--------------------FAFGYWGQGTLVTVSS
GDPa1-142,DIQMTQSPSSLSASVGDRVTITCRAS--ENIY------SYLAWYQQKPGKAPKLLIYN--------AKTLAEGVPSRFSGSGSG--TDFTLTISSLQPEDFATYYCQHHYG-----------------------TPRTFGGGTKVEIK-,QVQLVQS-GAEVKKPGASVKVSCKASG-YTFTS-----YWMNWVRQAPGQGLEWMGRIDPY---DSETHYAQKLQGRVTMTTDTSTSTAYMELRSLRSDDTAVYYCARGGYDFDVG--------------TLYWFFDVWGQGTTVTVSS
GDPa1-143,DIVMTQSPDSLAVSLGERATINCKSS--QSLLNSRTRKNYLAWYQQKPGQPPKLLIYW--------ASTRESGVPDRFSGSGSG--TDFTLTISSLQAEDVAVYYCTQSFI------------------------LRTFGQGTKVEIK-,EVQLVQS-GAEVKKPGASVKVSCKASG-YTFTN-----YYIHWVRQAPGQGLEWIGWIYPG---DGNTKYNEKFKGRATLTADTSTSTAYLELSSLRSEDTAVYYCARDSYSN--------------------YYFDYWGQGTLVTVSS
GDPa1-144,DIQMTQSPSTLSASVGDRVTITCSAS--SRVG-------YMHWYQQKPGKAPKLLIYD--------TSKLASGVPSRFSGSGSG--TEFTLTISSLQPDDFATYYCFQGSG-----------------------YPFTFGGGTKVEIK-,QVTLRES-GPALVKPTQTLTLTCTFSG-FSLSTA---GMSVGWIRQPPGKALEWLADIWW----DDKKHYNPSLKDRLTISKDTSKNQVVLKVTNMDPADTATYYCARDMIFN--------------------FYFDVWGQGTTVTVSS
GDPa1-145,QIVLTQSPAIMSASPGEKVTMTCSAS--SSVS-------YMNWYQQKSGTSPKRWIYD--------TSKLASGVPAHFRGSGSG--TSYSLTISGMEAEDAATYYCQQWSS-----------------------NPFTFGSGTKLEIK-,QVQLQQS-GAELARPGASVKMSCKASG-YTFTR-----YTMHWVKQRPGQGLEWIGYINPS---RGYTNYNQKFKDKATLTTDKSSSTAYMQLSSLTSEDSAVYYCARYYDDH--------------------YCLDYWGQGTTLTVSS
GDPa1-146,DIQMTQSPSSLSASVGDRVTITCKTS--QDIN------KYMAWYQQTPGKAPRLLIHY--------TSALQPGIPSRFSGSGSG--RDYTFTISSLQPEDIATYYCLQYDN------------------------LWTFGQGTKVEIK-,QVQLVQS-GAEVKKPGASVKVSCKASG-FNIKD-----TYIHWVRQAPGQRLEWMGRIDPA---NGYTKYDPKFQGRVTITADTSASTAYMELSSLRSEDTAVYYCAREGYYGNY----------------GVYAMDYWGQGTLVTVSS
GDPa1-147,EIVMTQSPATLSLSPGERATLSCRAS--QSVS------SYLAWYQQKPGQAPRLLIYD--------ASNRATGIPARFSGSGSG--TDFTLTISSLEPEDFAVYYCHQYGS-----------------------TPLTFGGGTKAEIK-,QVQLQES-GPGLVKPSQTLSLTCTVSG-GSISSG---DYYWSWIRQPPGKGLEWIGYIYY----SGSTDYNPSLKSRVTMSVDTSKNQFSLKVNSVTAADTAVYYCARVSIFG-------------------VGTFDYWGQGTLVTVSS
GDPa1-148,EIVLTQSPGTLSLSPGERATLSCRAS--QSVSS-----TYLAWYQQKPGQAPRLLIYG--------ASSRATGIPDRFSGSGSG--TDFTLTISRLEPEDFAVYYCQHYDN------------------------SQTFGQGTKVEIK-,EVQLVES-GGGLVQPGGSLRLSCAASG-FTFSS-----YDIHWVRQATGKGLEWVSAIGP----AGDTYYPGSVKGRFTISRENAKNSLYLQMNSLRAGDTAVYYCARGLITFGG----------------LIAPFDYWGQGTLVTVSS
GDPa1-149,DIQMTQSPSSLSASVGDRVTITCRSS--QNIVHSN-GNTYLDWYQQTPGKAPKLLIYK--------VSNRFSGVPSRFSGSGSG--TDFTFTISSLQPEDIATYYCFQYSH-----------------------VPWTFGQGTKLQIT-,QVQLQQS-GAEVKKPGSSVKVSCKASG-YTFTN-----YYIYWVRQAPGQGLEWIGGINPT---SGGSNFNEKFKTRVTITADESSTTAYMELSSLRSEDTAFYFCTRQGLWFDS----------------DGRGFDFWGQGTTVTVSS
GDPa1-150,EIVLTQSPATLSLSPGERATLSCRAS--QSVS------SYLAWYQQKPGQAPRLLIYD--------ASNRATGIPARFSGSGSG--TDFTLTISSLEPEDFAVYYCQQSSN-----------------------WPRTFGQGTKVEIK-,QVQLVES-GGGVVQPGRSLRLDCKASG-ITFSN-----SGMHWVRQAPGKGLEWVAVIWYD---GSKRYYADSVKGRFTISRDNSKNTLFLQMNSLRAEDTAVYYCATND--------------------------DYWGQGTLVTVSS
GDPa1-151,DIVMTQSPATLSLSPGERATLSCRSS--KSLQNVN-GNTYLYWFQQKPGQSPQLLIYR--------MSNLNSGVPDRFSGSGSG--TEFTLTISSLEPEDFAVYYCMQHLE-----------------------YPITFGAGTKLEIK-,EVQLVES-GGGLVKPGGSLKLSCAASG-YTFTS-----YVMHWVRQAPGKGLEWIGYINPY---NDGTKYNEKFQGRVTISSDKSISTAYMELSSLRSEDTAMYYCARGTYYYG------------------TRVFDYWGQGTLVTVSS
GDPa1-152,DIQMTQSPSSLSASVGDRVTITCRAS--QDIR------NYLNWYQQKPGKAVKLLIYY--------TSRLLPGVPSRFSGSGSG--TDYSLTISSQEQEDIGTYFCQQGNT-----------------------LPWTFGQGTKVEIR-,QVQLQQS-GPELKKPGASVKVSCKDSG-YAFSS-----SWMNWVRQAPGQGLEWIGRIYPG---DGDTNYNGKFQGRVTITADKSSSTAYMELSSLRSEDTAVYFCARSGLLR--------------------YAMDYWGQGTLVTVSS
GDPa1-153,DIVMTQTPLSLPVTPGEPASISCRSS--KSLLHSN-GITYLYWYLQKPGQSPQLLIYQ--------MSNLVSGVPDRFSGSGSG--TDFTLKISRVEAEDVGVYYCAQNLE-----------------------LPYTFGGGTKVEIK-,QVQLVQS-GAEVKKPGSSVKVSCKASG-YAFSY-----SWINWVRQAPGQGLEWMGRIFPG---DGDTDYNGKFKGRVTITADKSTSTAYMELSSLRSEDTAVYYCARNVFDG--------------------YWLVYWGQGTLVTVSS
GDPa1-154,DIQMTQSPSSLSASVGDRVTITCRAS--SSVS-------YMHWYQQKPGKAPKPLIYA--------PSNLASGVPSRFSGSGSG--TDFTLTISSLQPEDFATYYCQQWSF-----------------------NPPTFGQGTKVEIK-,EVQLVES-GGGLVQPGGSLRLSCAASG-YTFTS-----YNMHWVRQAPGKGLEWVGAIYPG---NGDTSYNQKFKGRFTISVDKSKNTLYLQMNSLRAEDTAVYYCARVVYYSN-----------------SYWYFDVWGQGTLVTVSS
GDPa1-155,EIVLTQSPATLSLSPGERATLSCRAS--QSVS------SYLAWYQQKPGQAPRLLIYD--------ASNRATGIPARFSGSGSG--TDFTLTISSLEPEDFAVYYCQQRSN-----------------------WPITFGQGTRLEIK-,EVQLVES-GGGLVQPGRSLRLSCAASG-FTFND-----YAMHWVRQAPGKGLEWVSTISWN---SGSIGYADSVKGRFTISRDNAKKSLYLQMNSLRAEDTALYYCAKDIQYGN-----------------YYYGMDVWGQGTTVTVSS
GDPa1-156,EIVLTQSPATLSLSPGERATLSCRAS--QSVS------SYLAWYQQKPGQAPRLLIYD--------ASNRATGIPARFSGSGSG--TDFTLTISSLEPEDFAVYYCQQRSN-----------------------WPPAFGQGTKVEIK-,QLQLQES-GPGLVKPSETLSLTCTVSG-GSINSS---SYYWGWLRQSPGKGLEWIGSFFY----TGSTYYNPSLRSRLTISVDTSKNQFSLMLSSVTAADTAVYYCARQSTYYYGS-------------GNYYGWFDRWDQGTLVTVSS
GDPa1-157,QSVLTQP-PSASGTPGQRVTISCSGSL-SNIGR-----NPVNWYQQLPGTAPKLLIYL--------DNLRLSGVPDRFSGSKSG--TSASLAISGLQSEDEADYYCATWDDS---------------------HPGWTFGGGTKLTVL-,EVQLLES-GGGLVQPGGSLRLSCAASG-FTFSS-----YAYSWVRQAPGKGLEWVSAISGS---GGRTYYADSVKGRFTISRDNSKNTLYLQMNSLRAEDTAVYYCARLGYG----------------------RVDEWGRGTLVTVSS
GDPa1-158,DIQMTQSPSSLSASVGDRVTITCQAS--QDIG------ISLSWYQQKPGKAPKLLIYN--------ANNLADGVPSRFSGSGSG--TDFTLTISSLQPEDFATYYCLQHNS-----------------------APYTFGQGTKLEIK-,EVQLVES-GGGLVQPGGSLRLSCAASG-FNFND-----YFMNWVRQAPGKGLEWVAQMRNKN-YQYGTYYAESLEGRFTISRDDSKNSLYLQMNSLKTEDTAVYYCARESYY---------------------GFTSYWGQGTLVTVSS
GDPa1-159,DIQLTQSPSSLSASVGDRVTITCRAS--QSVDYD--GDSYMNWYQQKPGKAPKLLIYA--------ASYLESGVPSRFSGSGSG--TDFTLTISSLQPEDFATYYCQQSHE-----------------------DPYTFGQGTKVEIK-,EVQLVES-GGGLVQPGGSLRLSCAVSG-YSITS----GYSWNWIRQAPGKGLEWVASITY----DGSTNYNPSLKGRITISRDDSKNTFYLQMNSLRAEDTAVYYCARGSHYFG------------------HWHFAVWGQGTLVTVSS
GDPa1-160,DIVMTQSPATLSVTPGDRVSLSCRAS--QSIS------DYLHWYQQKSHESPRLLIKY--------ASQSISGIPSRFSGSGSG--SDFTLSINSVEPEDVGVYYCQNGHS-----------------------FPLTFGAGTKLELK-,QVQLQQS-GAELVKPGASVKLSCKASG-YTFTN-----YDINWVRQRPEQGLEWIGWIFPG---DGSTQYNEKFKGKATLTTDTSSSTAYMQLSRLTSEDSAVYFCARQTTA---------------------TWFAYWGQGTLVTVSA
GDPa1-161,DIQMTQSPSSLSASVGDRVTITCKSS--QSLLYTSSQKNYLAWYQQKPGKAPKLLIYW--------ASTRESGVPSRFSGSGSG--TDFTLTISSLQPEDFATYYCQQYYA-----------------------YPWTFGQGTKVEIK-,EVQLVES-GGGLVQPGGSLRLSCAASG-YTFTS-----YWLHWVRQAPGKGLEWVGMIDPS---NSDTRFNPNFKDRFTISADTSKNTAYLQMNSLRAEDTAVYYCATYRSYV--------------------TPLDYWGQGTLVTVSS
GDPa1-162,DIQMTQSPATLSLSPGERATLSCRAS--QSVS------SYLAWYQQKPGQAPRLLIYD--------ASNRATGIPARFSGSGSG--TDFTLTISSLEPEDFAVYYCQQRSNW----------------------PMYTFGQGTKLEIK-,EVQLLES-GGGLVQPGGSLRLSCAASG-FTFSA-----YEMKWVRQAPGKGLEWVSVIGPS---GGFTFYADSVKGRFTISRDNSKNTLYLQMNSLRAEDTAVYYCATEGDN---------------------DAFDIWGQGTTVTVSS
GDPa1-163,QSVLTQP-PSASGTPGQRVTISCSGSN-TNIGK-----NYVSWYQQLPGTAPKLLIYA--------NSNRPSGVPDRFSGSKSG--TSASLAISGLRSEDEADYYCASWDAS---------------------LNGWVFGGGTKLTVL-,EVQLLES-GGGLVQPGGSLRLSCAASG-FTFSN-----AWMSWVRQAPGKGLEWVSSISVG---GHRTYYADSVKGRSTISRDNSKNTLYLQMNSLRAEDTAVYYCARIRVGPS------------------GGAFDYWGQGTLVTVSS
GDPa1-164,DIQMTQSPSSLSASVGDRVTITCQAS--QDIS------NYLNWYQQKPGKAPKLLIYD--------ASNLETGVPSRFSGSGSG--TDFTFTISSLQPEDIATYYCQQADS-----------------------FPVTFGGGTKVEIK-,EVQLLES-GGGLVQPGGSLRLSCAASG-FTFSQ-----YGMDWVRQAPGKGLEWVSGIGPS---GGSTVYADSVKGRFTISRDNSKNTLYLQMNSLRAEDTAVYYCTRGGPYY-------------------YYGMDVWGQGTTVTVSS
GDPa1-165,DIQLTQP-NSVSTSLGSTVKLSCTLSS-GNIEN-----NYVHWYQLYEGRSPTTMIYD--------DDKRPDGVPDRFSGSIDRSSNSAFLTIHNVAIEDEAIYFCHSYVS-----------------------SFNVFGGGTKLTVL-,EVQLLES-GGGLVQPGGSLRLSCAASG-FTFSS-----FPMAWVRQAPGKGLEWVSTISTS---GGRTYYRDSVKGRFTISRDNSKNTLYLQMNSLRAEDTAVYYCAKFRQYS--------------------GGFDYWGQGTLVTVSS
GDPa1-166,EIVLTQSPATLSLSPGERATLSCRAS--ENVY------SYLAWYQQKPGQAPRLLIYF--------AKTLAEGIPARFSGSGSG--TDFTLTISSLEPEDFAVYYCQHHSD-----------------------NPWTFGQGTKVEIK-,EVQLVQS-GAEVKKPGESLKISCKGSG-YSFTG-----YNMNWVRQMPGKGLEWMGNIDPY---YGGTTYNRKFKGQVTISADKSISTAYLQWSSLKASDTAMYYCARSVG-----------------------PFDSWGQGTLVTVSS
GDPa1-167,DIVMTQSPLSNPVTLGQPVSISCRSS--KSLLYKD-GKTYLNWFLQRPGQSPQLLIYL--------MSTRASGVPDRFSGGGSG--TDFTLKISRVEAEDVGVYYCQQLVE-----------------------YPLTFGQGTKLEIK-,QVQLVQS-GAEVKKPGASVKVSCKASG-YTFTS-----YWMHWVRQAPGQGLEWIGNINPS---NGGTNYNEKFKSKATMTRDTSTSTAYMELSSLRSEDTAVYYCELMQ--------------------------GYWGQGTLVTVSS
GDPa1-168,DIQMTQSPSTLSASVGDRVTITCKCQ--LSVG-------YMHWYQQKPGKAPKLLIYD--------TSKLASGVPSRFSGSGSG--TEFTLTISSLQPDDFATYYCFQGSG-----------------------YPFTFGGGTKLEIK-,QVTLRES-GPALVKPTQTLTLTCTFSG-FSLSTS---GMSVGWIRQPPGKALEWLADIWW----DDKKDYNPSLKSRLTISKDTSKNQVVLKVTNMDPADTATYYCARSMITN--------------------WYFDVWGAGTTVTVSS
GDPa1-169,DIQMTQSPSSLSASVGDRVTITCRAS--QGIS------SWLAWYQQKPEKAPKSLIYA--------ASSLQSGVPSRFSGSGSG--TDFTLTISSLQPEDFATYYCQQYNS-----------------------YPPTFGQGTKLEIK-,EGQLVQS-GGGLVHPGGSLRLSCAGSG-FTFSS-----YGMHWVRQAPGKGLEWVSGIGT----GGGTYSTDSVKGRFTISRDNAKNSLYLQMNSLRAEDMAVYYCARGDYYGS------------------GSFFDCWGQGTLVTVSS
GDPa1-170,DIQMTQSPSSLSASVGDRVTITCQAS--QDIS------NYLNWYQQKPGKAPKLLIYD--------ASNLETGVPSRFSGSGSG--TDFTFTISSLQPEDIATYFCQHFDH-----------------------LPLAFGGGTKVEIK-,QVQLQES-GPGLVKPSETLSLTCTVSG-GSVSSG---DYYWTWIRQSPGKGLEWIGHIYY----SGNTNYNPSLKSRLTISIDTSKTQFSLKLSSVTAADTAIYYCVRDRVT---------------------GAFDIWGQGTMVTVSS
GDPa1-171,DVVMTQSPLSLPVTLGQPASISCRSS--QSLVYSD-GNTYLNWFQQRPGQSPRRLIYK--------VSNRDSGVPDRFSGSGSG--TDFTLKISRVEAEDVGVYYCMQGTH-----------------------WPLTFGGGTKVEIK-,EEQVVES-GGGFVQPGGSLRLSCAASG-FTFSP-----YWMHWVRQAPGKGLVWVSRINS----DGSTYYADSVKGRFTISRDNARNTLYLQMNSLRAEDTAVYYCARDRYY----------------------GPEMWGQGTMVTVSS
GDPa1-172,DIQMTQSPSSLSASVGDRVTITCRTS--QSLVHIN-AITYLHWYQQKPGKAPKLLIYR--------VSNRFSGVPSRFSGSGSG--TDFTLTISSLQPEDFATYYCGQSTH-----------------------VPLTFGQGTKVEIK-,EVQLVES-GGGLVQPGGSLRLSCAASG-YTFID-----YYMNWVRQAPGKGLEWVGDINLD---NSGTHYNQKFKGRFTISRDKSKNTAYLQMNSLRAEDTAVYYCAREGVYHDY----------------DDYAMDYWGQGTLVTVSS
GDPa1-173,DIEMTQSPDSLAVSLGERATINCRSS--QSVLYSSSNRNYLAWYQQNPGQPPKLLIYW--------ASTRESGVPDRFSGSGSG--TDFTLTISSLQAEDVAVYYCQQYYS-----------------------TPRTFGQGTKVEIK-,QVQLQQW-GAGLLKPSETLSLTCAVYG-GSFSG-----YYWSWIRQPPGKGLEWIGEINH----SGSTNYNPSLKSRVTISVETSKNQFSLKLSSVTAADTAVYYCARDKWT---------------------WYFDLWGRGTLVTVSS
GDPa1-174,EIVLTQSPATLSLSPGERATLSCRAS--KGVSTS--GYSYLHWYQQKPGQAPRLLIYL--------ASYLESGVPARFSGSGSG--TDFTLTISSLEPEDFAVYYCQHSRD-----------------------LPLTFGGGTKVEIK-,QVQLVQS-GVEVKKPGASVKVSCKASG-YTFTN-----YYMYWVRQAPGQGLEWMGGINPS---NGGTNFNEKFKNRVTLTTDSSTTTAYMELKSLQFDDTAVYYCARRDYRF-------------------DMGFDYWGQGTTVTVSS
GDPa1-175,DIQMTQSPSSLSASVGDRVTITCKAS--QDVS------IGVAWYQQKPGKAPKLLIYS--------ASYRYTGVPSRFSGSGSG--TDFTLTISSLQPEDFATYYCQQYYI-----------------------YPYTFGQGTKVEIK-,EVQLVES-GGGLVQPGGSLRLSCAASG-FTFTD-----YTMDWVRQAPGKGLEWVADVNPN---SGGSIYNQRFKGRFTLSVDRSKNTLYLQMNSLRAEDTAVYYCARNLGPS--------------------FYFDYWGQGTLVTVSS
GDPa1-176,EIVLTQSPSSLSASVGDRVTITCSAR--SSVS-------YMHWFQQKPGKAPKLWIYR--------TSNLASGVPSRFSGSGSG--TSYCLTINSLQPEDFATYYCQQRSS-----------------------FPLTFGGGTKLEIK-,QVQLVQS-GSELKKPGASVKISCKASG-YTFTN-----YGMNWVRQAPGQGLQWMGWINTD---SGESTYAEEFKGRFVFSLDTSVNTAYLQITSLTAEDTGMYFCVRVGYD----------------------ALDYWGQGTLVTVSS
GDPa1-177,DIQMTQSPSSLSASVGDRVTITCRSS--QSIVHSV-GNTFLEWYQQKPGKAPKLLIYK--------VSNRFSGVPSRFSGSGSG--TDFTLTISSLQPEDFATYYCFQGSQ-----------------------FPYTFGQGTKVEIK-,EVQLVES-GGGLVQPGGSLRLSCAASG-YEFSR-----SWMNWVRQAPGKGLEWVGRIYPG---DGDTNYSGKFKGRFTISADTSKNTAYLQMNSLRAEDTAVYYCARDGSSW-------------------DWYFDVWGQGTLVTVSS
GDPa1-178,DVVMTQSPLSLPVTLGQPASISCKSS--QSLLDSD-GKTFLNWFQQRPGQSPRRLIYL--------VSKLDSGVPDRFSGSGSG--TDFTLKISRVEAEDVGVYYCWQGTH-----------------------FPYTFGQGTRLEIK-,EVQLVES-GGGLVKPGGSLRLSCAASG-FTFSA-----YAMNWVRQAPGKGLEWVGRIRTKN-NNYATYYADSVKDRFTISRDDSKNTLYLQMNSLKTEDTAVYYCTTFYG------------------------NGVWGQGTLVTVSS
GDPa1-179,DIQLTQSPSSLSASVGDRVTITCKAS--QSVDYE--GDSFLNWYQQKPGKAPKLLIYA--------ASNLESGVPSRFSGSGSG--TDFTLTISSLQPEDFATYYCQQSNE-----------------------DPLTFGQGTKVEIK-,EVQLVES-GGGLVQPGGSLRLSCAASG-YTFSS-----YWIEWVRQAPGKGLEWIGEILPG---GGDTNYNEIFKGRATFSADTSKNTAYLQMNSLRAEDTAVYYCTRRVPI----------------------RLDYWGQGTLVTVSS
GDPa1-180,DVVMTQSPLSLPVTLGQPASISCKSS--QSLLYSD-AKTYLNWFQQRPGQSPRRLIYQ--------ISRLDPGVPDRFSGSGSG--TDFTLKISRVEAEDVGVYYCLQGTH-----------------------YPVLFGQGTRLEIK-,QVQLVQS-GAEVKKPGASVKVSCKASG-YYTEA-----YYIHWVRQAPGQGLEWMGRIDPA---TGNTKYAPRLQDRVTMTRDTSTSTVYMELSSLRSEDTAVYYCASLYS-----------------------LPVYWGQGTTVTVSS
GDPa1-181,DIQMTQSPSSLSASVGDRVTITCKSI--QTLLYSSNQKNYLAWFQQKPGKAPKLLIYW--------ASIRKSGVPSRFSGSGSG--TDFTLTISSLQPEDLATYYCQQYYS-----------------------YPLTFGGGTKLEIK-,EVQLVES-GGGLVQPGGSLRLSCAASG-FTFSN-----YGMSWVRQAPGKGLEWVASISSG---GGSTYYPDNVKGRFTISRDDAKNSLYLQMNSLRAEDTAVYYCARGGA-----------------------GIDYWGQGTLVTVSS
GDPa1-182,DIQMTQSPSSLSASVGDRVTITCRAS--QGIS------NWLAWYQQKPEKAPKSLIYA--------ASSLQSGVPSRFSGSGSG--TDFTLTISSLQPEDFATYYCQQYDS-----------------------YPRTFGQGTKVEIK-,EVQLVES-GGGLVQPGGSLRLSCAASG-FTFSS-----YWMSWVRQAPGKGLEWVAYIKQD---GNEKYYVDSVKGRFTISRDNAKNSLYLQMNSLRAEDTAVYYCAREGILWF------------------GDLPTFWGQGTLVTVSS
GDPa1-183,QPVLTQP-LSVSVALGQTARITCGGN---NIGS-----KNVHWYQQKPGQAPVLVIYR--------DSNRPSGIPERFSGSNSG--NTATLTISRAQAGDEADYYCQVWDS-----------------------STAVFGTGTKLTVL-,QVQLVQS-GGGLVQPGGSLRLSCAASG-FTFSS-----YWMYWVRQVPGKGLEWVSAIDTG---GGRTYYADSVKGRFAISRVNAKNTMYLQMNSLRAEDTAVYYCARDEGGGTGWGV----------LKDWPYGLDAWGQGTLVTVSS
GDPa1-184,DIQMTQSPSSLSASVGDRVTITCRSS--QSLVHNN-ANTYLHWYQQKPGKAPKLLIYK--------VSNRFSGVPSRFSGSGSG--TDFTLTISSLQPEDFATYYCSQNTL-----------------------VPWTFGQGTKVEIK-,EVQLVES-GGGLVQPGGSLRLSCAASG-FTFSD-----YGIAWVRQAPGKGLEWVAFISDL---AYTIYYADTVTGRFTISRDNSKNTLYLQMNSLRAEDTAVYYCARDNWD----------------------AMDYWGQGTLVTVSS
GDPa1-185,DIQMTQTTSSLSASLGDRVTISCRAS--QDIS------NYLNWYQQKPDGTVKLLIYY--------TSRLHSGVPSRFSGSGSG--TDYSLTISNLEQEDIATYFCQQGNT-----------------------LPWTFGGGTKLEIK-,QVQLQQS-GAELVKPGASVKLSCKASG-YTFTS-----YDINWVRQRPEQGLEWIGWIFPG---DGSTKYNEKFKGKATLTTDKSSSTAYMQLSRLTSEDSAVYFCAREDYYDN------------------SYYFDYWGQGTTLTVSS
GDPa1-186,EIVLTQSPGTLSLSPGERATLSCRAS--QSVSS-----SFLAWYQQKPGQAPRLLIYY--------ASSRATGIPDRFSGSGSG--TDFTLTISRLEPEDFAVYYCQQTGR-----------------------IPPTFGQGTKVEIK-,EVQLLES-GGGLVQPGGSLRLSCAASG-FTFSS-----FSMSWVRQAPGKGLEWVSSISGS---SGTTYYADSVKGRFTISRDNSKNTLYLQMNSLRAEDTAVYYCAKPFP-----------------------YFDYWGQGTLVTVSS
GDPa1-187,DIQMTQSPSSVSASIGDRVTITCRAS--QGID------NWLGWYQQKPGKAPKLLIYD--------ASNLDTGVPSRFSGSGSG--TYFTLTISSLQAEDFAVYFCQQAKA-----------------------FPPTFGGGTKVDIK-,EVQLVQS-GGGLVKPGGSLRLSCAASG-FTFSS-----YSMNWVRQAPGKGLEWVSSISSS---SSYIYYADSVKGRFTISRDNAKNSLYLQMNSLRAEDTAVYYCARVTD-----------------------AFDIWGQGTMVTVSS
GDPa1-188,DIQLTQSPSSLSASVGDRVTITCSAS--QDIS------NYLNWYQQKPGKAPKVLIYF--------TSSLHSGVPSRFSGSGSG--TDFTLTISSLQPEDFATYYCQQYST-----------------------VPWTFGQGTKVEIK-,EVQLVES-GGGLVQPGGSLRLSCAASG-YDFTH-----YGMNWVRQAPGKGLEWVGWINTY---TGEPTYAADFKRRFTFSLDTSKSTAYLQMNSLRAEDTAVYYCAKYPYYYGT----------------SHWYFDVWGQGTLVTVSS
GDPa1-189,EIVLTQSPATLSLSPGERATLSCRAS--QSIS------SYLAWYQQKPGQAPRLLIYD--------ASNRATGIPARFSGSGSG--TDFTLTISSLEPEDFAVYYCQQRSN-----------------------WPLTFGQGTNLEIK-,QVQLQQW-GAGLLKPSETLSLTCAVYG-GSFSD-----YYWNWIRQPPGKGLEWIGEINH----RGSTNSNPSLKSRVTLSLDTSKNQFSLKLRSVTAADTAVYYCAFGYSDYE------------------YNWFDPWGQGTLVTVSS
GDPa1-190,DIQMTQSPSSLSASVGDRVTITCLAS--EGIS------SYLAWYQQKPGKAPKLLIYG--------ANSLQTGVPSRFSGSGSA--TDYTLTISSLQPEDFATYYCQQSYK-----------------------FPNTFGQGTKVEVK-,EVQLVES-GGGLVQPGGSLRLSCAVSG-LSLTS-----NSVNWIRQAPGKGLEWVGLIWS----NGDTDYNSAIKSRFTISRDTSKSTVYLQMNSLRAEDTAVYYCAREYYG----------------------YFDYWGQGTLVTVSS
GDPa1-191,EIVMTQSPATLSVSPGERATLSCRAS--QSVD------SNLAWYRQKPGQAPRLLIYG--------ASTRATGIPARFSGSGSG--TEFTLTISSLQSEDFAVYYCQQYINW----------------------PPITFGQGTRLEIK-,QVQLQES-GPGLVKPSETLSLTCTVSG-GSISI-----YYWSWIRQPPGKGLEWIGYVYY----SGSTNYNPSLKSRVTISVDTSKNQFSLKLNSVTAADTAVYYCARGGYDFW------------------SGYFDYWGQGTLVTVSS
GDPa1-192,EIVLTQSPDTISLSPGERATLSCRAS--QSISS-----IYLAWYQQKPGQAPRLLIYG--------ASSRVTGIPDRFSVSGSG--TDFTLTISRLEPEDFAVYYCQHYGI-----------------------SPFTFGPGTKVDIR-,QLQLQES-GPGLVKPSETLSLTCTVSG-GSITSS---SYYWGWIRQPPGKGLEWIGSIYY----RGSTNYNPSLKSRVTISVDSSKNQFYLKVSSVTAVDTAVYYCARQNGAAR------------------PSWFDPWGQGTLVTVSS
GDPa1-193,DIQMTQSPSSLSASVGDRVTITCKAS--RDVA------IAVAWYQQKPGKVPKLLIYW--------ASTRHTGVPSRFSGSGSR--TDFTLTISSLQPEDVADYFCHQYSS-----------------------YPFTFGSGTKLEIK-,QVQLVQS-GAEVKKPGSSVKVSCKASG-YTFTD-----QTIHWMRQAPGQGLEWIGYIYPR---DDSPKYNENFKGKVTITADKSTSTAYMELSSLRSEDTAVYYCAIPDRSG-------------------YAWFIYWGQGTLVTVSS
GDPa1-194,QIVLSQSPAILSASPGEKVTMTCRAS--SSVS-------YIHWFQQKPGSSPKPWIYA--------TSNLASGVPVRFSGSGSG--TSYSLTISRVEAEDAATYYCQQWTS-----------------------NPPTFGGGTKLEIK-,QVQLQQP-GAELVKPGASVKMSCKASG-YTFTS-----YNMHWVKQTPGRGLEWIGAIYPG---NGDTSYNQKFKGKATLTADKSSSTAYMQLSSLTSEDSAVYYCARSTYYGG------------------DWYFNVWGAGTTVTVSA
GDPa1-195,EIVLTQSPGTLSVSPGERATLSCRAS--QSIG------SSLHWYQQKPGQAPRLLIKY--------ASQSLSGIPDRFSGSGSG--TDFTLTISRLEPEDFAVYYCHQSSR-----------------------LPHTFGQGTKVEIK-,EVQLVQS-GGGLVKPGGSLRLSCAASG-FTFSS-----FAMHWVRQAPGKGLEWISVIDT----RGATYYADSVKGRFTISRDNAKNSLYLQMNSLRAEDTAVYYCARLGNFY--------------------YGMDVWGQGTTVTVSS
GDPa1-196,DIQMTQSPSSLSASVGDRVTITCRAS--QDIS------NYLNWYQQKPGKAPKLLIYY--------TSRLLSGVPSRFSGSGSG--TDFTLTISSLQPEDFATYYCQQGDT-----------------------LPYTFGGGTKVEIK-,EVQLVQS-GAEVKKPGASVKVSCKASG-YTFTD-----YNMHWVRQAPGQGLEWMGEINPN---SGGAGYNQKFKGRVTMTTDTSTSTAYMELRSLRSDDTAVYYCARLGYDDIY----------------DDWYFDVWGQGTTVTVSS
GDPa1-197,DIQMTQSPSSLSASVGDRVTITCRAS--QSVSTS--SYSYMHWYQQKPGKAPKVLISY--------ASNLESGVPSRFSGSGSG--TDFTLTISSLQPEDFATYYCQHSWG-----------------------IPRTFGQGTKVEIK-,EVQLVES-GGGLVQPGGSLRLSCATSG-YTFTE-----YIIHWVRQAPGKGLEWVASINPD---YDITNYNQRFKGRFTISLDKSKRTAYLQMNSLRAEDTAVYYCASWISD----------------------FFDYWGQGTLVTVSS
GDPa1-198,EIVMTQSPATLSVSPGERATLSCKAS--QSVS------NDVVWYQQKPGQAPRLLIYY--------ASNRYTGIPARFSGSGSG--TEFTLTISSLQSEDFAVYYCQQDYT-----------------------SPWTFGQGTKLEIK-,QVQLVQS-GAEVKKPGASVKVSCKASG-YTFTN-----YGMNWVRQAPGQGLEWMGWINTY---TGEPTYADDFKGRVTMTTDTSTSTAYMELRSLRSDDTAVYYCARIGDS---------------------SPSDYWGQGTLVTVSS
GDPa1-199,DIQMTQSPSSLSASVGDRVTITCKSS--QSLVGAS-GKTYLYWLFQKPGKAPKRLIYL--------VSTLDSGIPSRFSGSGSG--TEFTLTISSLQPEDFATYYCLQGTH-----------------------FPHTFGQGTKLEIK-,EVPLVES-GGGLVQPGGSLRLSCAVSG-FTFSN-----YGMVWVRQAPGKGLEWVAYIDSD---GDNTYYRDSVKGRFTISRDNAKSSLYLQMNSLRAEDTAVYYCTTGIVR----------------------PFLYWGQGTLVTVSS
GDPa1-200,DIQMTQSPSSVSASVGDRVTITCRAS--QGIS------SWLAWYQQKPGKAPKLLIYG--------ASSLESGVPSRFSGSGSG--TDFTLTISSLQPEDFASYYCQQANS-----------------------FPYTFGQGTKLEIK-,EVQLVES-GGGLVQPGRSLRLSCAASR-FTFDD-----YAMHWVRQAPGKGLEWVSGISWN---SGRIGYADSVKGRFTISRDNAENSLFLQMNGLRAEDTALYYCAKGRD-----------------------SFDIWGQGTMVTVSS
GDPa1-201,DIQMTQSPSSLSASVGDSVTITCQAS--TDIS------SHLNWYQQKPGKAPELLIYY--------GSHLLSGVPSRFSGSGSG--TDFTFTISSLEAEDAATYYCGQGNR-----------------------LPYTFGQGTKVEIE-,QVQLQES-GPGLVKPSETLSLTCAVSG-HSISH----DHAWSWVRQPPGEGLEWIGFISY----SGITNYNPSLQGRVTISRDNSKNTLYLQMNSLRAEDTAVYYCARSLART--------------------TAMDYWGEGTLVTVSS
GDPa1-202,EIVLTQSPGTLSLSPGERATLSCRAS--QSVSS-----SYLAWYQQKPGQAPRLLIYG--------ASSRATGIPDRFSGSGSG--TDFTLTISRLEPEDFAVYYCQQYGS-----------------------SPCTFGQGTRLEIK-,EVQLVES-GGGLVQPGGSLRLSCAASG-FTFSN-----YWMNWVRQAPGKGLEWVAAINQD---GSEKYYVGSVKGRFTISRDNAKNSLYLQMNSLRVEDTAVYYCVRDYYDILTDY------------YIHYWYFDLWGRGTLVTVSS
GDPa1-203,DIQMTQSPSSVSASVGDRVTITCRAS--QGIY------SWLAWYQQKPGKAPNLLIYT--------ASTLQSGVPSRFSGSGSG--TDFTLTISSLQPEDFATYYCQQANI-----------------------FPLTFGGGTKVEIK-,QVQLVQS-GAEVKKPGASVKVSCKASG-YTFTG-----YYMHWVRQAPGQGLEWMGWINPD---SGGTNYAQKFQGRVTMTRDTSISTAYMELNRLRSDDTAVYYCARDQPLGYCT-------------NGVCSYFDYWGQGTLVTVSS
GDPa1-204,QSALTQP-ASVSGSPGQSITISCTGTS-SDVGS----YNVVSWYQQHPGKAPKLIIYE--------VSQRPSGVSNRFSGSKSG--NTASLTISGLQTEDEADYYCCSYAGS---------------------SIFVIFGGGTKVTVL-,EVQLLES-GGGLVQPGGSLRLSCAASG-FTFSH-----YVMAWVRQAPGKGLEWVSSISSS---GGWTLYADSVKGRFTISRDNSKNTLYLQMNSLRAEDTAVYYCTRGLKMA--------------------TIFDYWGQGTLVTVSS
GDPa1-205,DIALTQP-ASVSGSPGQSITISCTGTS-SDVGD----INDVSWYQQHPGKAPKLMIYD--------VNNRPSGVSNRFSGSKSG--NTASLTISGLQAEDEADYYCQSYAGS---------------------YLSEVFGGGTKLTVL-,QVQLVES-GGGLVQPGGSLRLSCAASG-FTFRS-----HWLSWVRQAPGKGLEWVSNINYD---GSSTYYADSVKGRFTISRDNSKNTLYLQMNSLRAEDTAVYYCARDTYL----------------------HFDYWGQGTLVTVSS
GDPa1-206,EIVLTQSPGTLSLSPGERATLSCRAS--QSVSS-----TYLAWYQQKPGQAPRLLIYG--------ASSRATGIPDRFSGSGSG--TDFTLTISRLEPEDFAVYYCQQYGS-----------------------SPRTFGQGTKVEIK-,QVQLVQS-GAEVKKPGASVKVSCKASG-YTFTS-----YSISWVRQAPGQGLEWMGWISVY---NGNTNYAQKFQGRVTMTTDTSTSTAYLELRSLRSDDTAVYYCARDPI-----------------------AAGYWGQGTLVTVSS
GDPa1-207,QIVLIQSPAIMSASPGEKVTMTCSAS--SSVS-------YMYWYQQKPGSSPRLLIYD--------TSNLASGVPVRFSGSGSG--TSYSLTISRMEAEDAATYYCQQWSG-----------------------YPYTFGGGTKLEIK-,EVQLVES-GGKLLKPGGSLKLSCAASG-FTFSS-----FAMSWFRQSPEKRLEWVAEISSG---GSYTYYPDTVTGRFTISRDNAKNTLYLEMSSLRSEDTAMYYCARGLWGY--------------------YALDYWGQGTSVTVSS
GDPa1-208,DIVMTQTPLSLSVTPGQPASISCRSS--KSLLHSN-GNTYLYWFLQKPGQSPQFLIYR--------MSNLASGVPDRFSGSGSG--TDFTLKISRVEAEDVGVYYCMQHLE-----------------------YPYTFGGGTKVEIK-,QVQLVQS-GAEVKKPGASVKVSCKASG-YAFTY-----YLIEWVRQAPGQGLEWIGVINPG---SGGTNYNEKFKGRATITADKSTSTAYMELSSLRSEDTAVYFCARNWM-----------------------NFDYWGQGTTVTVSS
GDPa1-209,DIQMTQSPSSVSASVGDRVTITCRAS--QGIS------SWLAWYQQKPGKAPKLLISA--------ASSLQSGVPSRFSGSGSG--TDFTLTISSLQPEDFATYYCQQANH-----------------------LPFTFGGGTKVEIK-,QVQLVQS-GAEVKKPGSSVKVSCKASG-GTFSS-----YAISWVRQAPGQGLEWMGLIIPM---FDTAGYAQKFQGRVAITVDESTSTAYMELSSLRSEDTAVYYCARAEHSS-------------------TGTFDYWGQGTLVTVSS
GDPa1-210,EIVLTQSPATLSLSPGERATLSCSAS--ISVS-------YMYWYQQKPGQAPRLLIYD--------MSNLASGIPARFSGSGSG--TDFTLTISSLEPEDFAVYYCMQWSG-----------------------YPYTFGGGTKVEIK-,EVQLVES-GGGLVQPGGSLRLSCAASG-FTFSP-----FAMSWVRQAPGKGLEWVAKISPG---GSWTYYSDTVTGRFTISRDNAKNSLYLQMNSLRAEDTAVYYCARQLWGY--------------------YALDIWGQGTTVTVSS
GDPa1-211,DVVMTQSPLSLPVTLGQPASISCRSS--QSLIYSD-GNAYLHWFLQKPGQSPRLLIYK--------VSNRFSGVPDRFSGSGSG--TDFTLKISRVEAEDVGVYYCSQSTH-----------------------VPWTFGQGTKVEIK-,EVQLVES-GGGLVQPGGSLRLSCAASG-FTFSR-----YSMSWVRQAPGKGLELVAQINSV---GNSTYYPDTVKGRFTISRDNAKNTLYLQMNSLRAEDTAVYYCASG---------------------------DYWGQGTLVTVSS
GDPa1-212,EIVLTQSPATLSLSPGERATLSCKSS--QSLLDSGNQKNFLTWYQQKPGQAPRLLIYW--------ASTRESGVPSRFSGSGSG--TDFTFTISSLEAEDAATYYCQNDYS-----------------------YPYTFGQGTKVEIK-,EVQLVQS-GAEVKKPGESLRISCKGSG-YTFTT-----YWMHWVRQATGQGLEWMGNIYPG---TGGSNFDEKFKNRVTITADKSTSTAYMELSSLRSEDTAVYYCTRWTTG----------------------TGAYWGQGTTVTVSS
GDPa1-213,QIVLTQSPATLSLSPGERATMSCTAS--SSVSS-----SYLHWYQQKPGKAPKLWIYS--------TSNLASGVPSRFSGSGSG--TDYTLTISSLQPEDFATYYCHQYYRL----------------------PPITFGQGTKLEIK-,EVQLVES-GGGLVKPGGSLRLSCAASG-FTFSN-----YAMSWVRQAPGKGLEWVATISSG---GSHTYYLDSVKGRFTISRDNSKNTLYLQMNSLRAEDTALYYCARLFTG---------------------YAMDYWGQGTLVTVSS
GDPa1-214,EIVLTQSPATLSLSPGERATLSCRAS--QSVS------RYLAWYQQKPGQAPRLLIYD--------ASNRATGIPARFSGSGSG--TDSTLTISSLEPEDFAVYYCQQRSN-----------------------WPRTFGQGTKVEIK-,QVQLQQW-GAGLLKPSETLSLTCAVYG-GSFSG-----YYWSWIRQPPGKGLEWIGEINH----SGSTNYNPSLKSRVTISVDTSKNQFSLKLSSVTAADTAVYYCARGYYDILT---------------GYYYYFDYWGQGTLVTVSS
GDPa1-215,DIQMTQSPSSLSASVGDRVTITCRAS--QSIS------NNLNWYQQKPGKAPKLLIYY--------TSRFHSGVPSRFSGSGSG--TDFTFTISSLQPEDIATYYCQQEHT-----------------------LPYTFGQGTKLEIK-,QVQLQES-GPGLVKPSETLSLTCTVSG-FSLIG-----YDLNWIRQPPGKGLEWIGIIWG----DGTTDYNSAVKSRVTISKDTSKNQFSLKLSSVTAADTAVYYCARGGYWYA-----------------TSYYFDYWGQGTLVTVSS
GDPa1-216,DIVLTQSPATLSLSPGERATLSCRAS--QSVRS-----NYLAWYQQKPGQAPRLLIYG--------ASSRATGVPARFSGSGSG--TDFTLTISSLEPEDFAVYYCQQYSN-----------------------FPITFGQGTKVEIK-,EVQLVES-GGGLVQPGGSLRLSCAASG-FTFSS-----SGMSWVRQAPGKGLEWVSVIASS---GSNTYYADSVKGRFTISRDNSKNTLYLQMNSLRAEDTAVYYCARSIF------------------------YTTWGQGTLVTVSS
GDPa1-217,DIQMTQSPSSLSASVGDRVTITCRAS--QDIS------NYLNWYQQKPGKAPKLLIYY--------TSKLHSGVPSRFSGSGSG--TDYTLTISSLQPEDFATYYCQQGSA-----------------------LPWTFGQGTKVEIK-,QVQLQES-GPGLVKPSQTLSLTCAVYG-GSFSS-----GYWNWIRKHPGKGLEYIGYISY----NGITYHNPSLKSRITINRDTSKNQYSLQLNSVTPEDTAVYYCARYKYDYD-----------------GGHAMDYWGQGTLVTVSS
GDPa1-218,DIVMTQSPDSLAVSLGERATINCKSS--ESVDSY--ANSFLHWYQQKPGQPPKLLIYR--------ASTRESGVPDRFSGSGSG--TDFTLTISSLQAEDVAVYYCQQSKE-----------------------DPLTFGGGTKVEIK-,QVQLVQS-GAEVKKPGASVKVSCKASG-YIFTA-----YTMHWVRQAPGQGLEWMGWIKPN---NGLANYAQKFQGRVTMTRDTSISTAYMELSRLRSDDTAVYYCARSEIT---------------------TEFDYWGQGTLVTVSS
GDPa1-219,DIQMTQSPSSLSASVGDRVTITCSAS--SSVS-------YMNWYQQTPGKAPKRWIYD--------TSKLASGVPSRFSGSGSG--TDYTFTISSLQPEDIATYYCQQWSS-----------------------NPFTFGQGTKLQIT-,QVQLVQS-GGGVVQPGRSLRLSCKASG-YTFTR-----YTMHWVRQAPGKGLEWIGYINPS---RGYTNYNQKVKDRFTISRDNSKNTAFLQMDSLRPEDTGVYFCARYYDDH--------------------YCLDYWGQGTPVTVSS
GDPa1-220,EIVLTQSPATLSLSPGERATLSCRAS--QSVS------SYLAWYQQKPGQAPRLLIYD--------ASKRATGIPARFSGSGSG--TDFTLTISSLEPEDFAVYYCQQRSKW----------------------PPWTFGQGTKVESK-,QVELVES-GGGVVQPGRSQRLSCAASG-FTFSS-----YGMHWVRQAPGKGLEWVAIIWFD---GSSTYYADSVRGRFTISRDNSKNTLYLQMNSLRAEDTAVYFCARELGR---------------------RYFDLWGRGTLVSVSS
GDPa1-221,SYVLTQP-PSVSVAPGQTARITCGGN---NLGS-----KSVHWYQQKPGQAPVLVVYD--------DSDRPSWIPERFSGSNSG--NTATLTISRGEAGDEADYYCQVWDSS---------------------SDHVVFGGGTKLTVL-,QMQLVES-GGGVVQPGRSLRLSCAASG-FTFRT-----YGMHWVRQAPGKGLEWVAVIWYD---GSNKHYADSVKGRFTITRDNSKNTLNLQMNSLRAEDTAVYYCARAPQWEL-----------------VHEAFDIWGQGTMVTVSS
GDPa1-222,DIQMTQSPSSLSASVGDRVTITCKAS--QDVG------TAVAWYQQKPGKAPKLLIYW--------ASTRHTGVPSRFSGSGSG--TDFTLTISSLQPEDFATYYCQQYSS------------------------YRTFGQGTKVEIK-,EVQLVES-GGGLVQPGGSLRLSCAASG-FTFSS-----YVMSWVRQAPGKGLEWVATISSG---GSYTYYPDSVKGRFTISRDNAKNTLYLQMNSLRAEDTAVYYCARRGDSM--------------------ITTDYWGQGTLVTVSS
GDPa1-223,DIQMTQSPSSLSASVGDRVTITCRTS--ENIY------SYLAWYQQKPGKAPKLLIYN--------AKTLAEGVPSRFSGSGSG--TDFTLTISSLQPEDFATYYCQHHYG-----------------------IPFTFGQGTKVEIK-,QVQLVQS-GAEVKKPGASVKVSCKASG-YIFIT-----YWMTWVRQAPGQGLEWMGQIFPA---SGSADYNEKFEGRVTMTTDTSTSTAYMELRSLRSDDTAVYYCARGGG-----------------------GFAYWGQGTLVTVSS
GDPa1-224,DIVMTQSPDSLAVSLGERATINCKSS--ESVS------NDVAWYQQKPGQPPKLLINY--------AFHRFTGVPDRFSGSGYG--TDFTLTISSLQAEDVAVYYCHQAYS-----------------------SPYTFGQGTKLEIK-,QVQLQES-GPGLVKPSETLSLTCTVSG-FSLTS-----YGVHWIRQPPGKGLEWIGVIYA----DGSTNYNPSLKSRVTISKDTSKNQVSLKLSSVTAADTAVYYCARAYGNY--------------------WYIDVWGQGTTVTVSS
GDPa1-225,DIQMTQSPPSLSASAGDRVTITCRAS--QGIS------SRLAWYQQKPEKAPKSLIYA--------ASSLQSGVPSRFSGSGSG--TDFTLTISSLQPEDFATYYCQQYNS-----------------------YPYTFGQGTKLEIK-,EVQLLES-GGGLVQPGGSLRLSCAASG-FTFSN-----YAMSWVRQAPGKGLEWVSSISGS---GDYTYYTDSVKGRFTISRDNSKNTLYLQMNSLRAEDTAVYYCARSPWG---------------------YYLDSWGQGTLVTVSS
GDPa1-226,DIQMTQSPSSLSASVGDRVTITCRAS--QDIS------SYLNWYQQKPGKAPKLLIYY--------TSRLHSGVPSRFSGSGSG--TDFTFTISSLQPEDIATYYCQQGNT-----------------------LPYTFGQGTKVEIK-,QVQLQES-GPGLVRPSQTLSLTCTVSG-YSITS----DHAWSWVRQPPGRGLEWIGYISY----SGITTYNPSLKSRVTMLRDTSKNQFSLRLSSVTAADTAVYYCARSLART--------------------TAMDYWGQGSLVTVSS
GDPa1-227,DVVMTQSPLSLPVTLGQPASISCRSS--QSIVHSN-GNTYLEWYLQKPGQSPQLLIYK--------VSNRFSGVPDRFSGSGSG--TDFTLKISRVEAEDVGVYYCFQGSH-----------------------VPLTFGQGTKLEIK-,QGQLVQS-GAEVKKPGASVKVSCKASG-YTFTD-----YEMHWVRQAPIHGLEWIGVIESE---TGGTAYNQKFKGRVTITADKSTSTAYMELSSLRSEDTAVYYCAREGITTVAT--------------TYYWYFDVWGQGTTVTVSS
GDPa1-228,DIQMTQSPSSLSASVGDRVSITCRPS--QSFS------RYINWYQQKPGKAPKLLIHA--------ASSLVGGVPSRFSGSGSG--TDFTLTISSLQPEDFATYYCQQTYSN----------------------PPITFGQGTRLEMK-,QVQLVES-GGGLVKPGGSLRLSCAASG-FTFSD-----YYMNWIRQAPGKGLEWVSYISSS---GSIIYYADSVKGRFTISRDNAKNSLYLQMNSLRAEDTAVYYCAREGRIA-------------------ARGMDVWGQGTTVTVSS
GDPa1-229,SYVLTQP-PSVSVAPGKTARITCGGN---IIGS-----KLVHWYQQKPGQAPVLVIYD--------DGDRPSGIPERFSGSNSG--NTATLTISRVEAGDEADYYCQVWDTG---------------------SDPVVFGGGTKLTVL-,QVQLVQS-GAEVKKPGASVKVSCKASG-YTFTN-----YGLSWVRQAPGQGLEWMGWISAN---NGDTNYGQEFQGRVTMTTDTSTSTAYMELRSLRSDDTAVYYCARDSSSSW-----------------ARWFFDLWGRGTLVTVSS
GDPa1-230,DIQMTQSPSSLSASVGDRVTITCRAS--QDVN------TAVAWYQQKPGKAPKLLIYS--------ASFLYSGVPSRFSGSRSG--TDFTLTISSLQPEDFATYYCQQHYT-----------------------TPPTFGQGTKVEIK-,EVQLVES-GGGLVQPGGSLRLSCAASG-FNIKD-----TYIHWVRQAPGKGLEWVARIYPT---NGYTRYADSVKGRFTISADTSKNTAYLQMNSLRAEDTAVYYCSRWGGDG-------------------FYAMDYWGQGTLVTVSS
GDPa1-231,DIVMTQSPDSLAVSLGERATINCRAS--KSVSTS--GYSYIYWYQQKPGQPPKLLIYL--------ASILESGVPDRFSGSGSG--TDFTLTISSLQAEDVAVYYCQHSRE-----------------------LPWTFGQGTKVEIK-,EEQLVES-GGGLVKPGGSLRLSCAASG-FSFSD-----CRMYWLRQAPGKGLEWIGVISVKS-ENYGANYAESVRGRFTISRDDSKNTVYLQMNSLKTEDTAVYYCSASYYRYD-----------------VGAWFAYWGQGTLVTVSS
GDPa1-232,DIQMTQSPSSLSASVGDRVTITCRAS--QSIN------SYLDWYQQKPGKAPKLLIYA--------ASSLQSGVPSRFSGSGSG--TDFTLTISSLQPEDFATYYCQQYYS-----------------------TPFTFGPGTKVEIK-,QVQLVES-GGGVVQPGRSLRLSCAASG-FTFSS-----YGMHWVRQAPGKGLEWVAVIWYD---GSNKYYADSVKGRFTISRDNSKNTLYLQMNSLRAEDTAVYYCARDPRGATLY--------------YYYYGMDVWGQGTTVTVSS
GDPa1-233,QIVLSQSPAILSASPGEKVTMTCRAS--SSVS-------YMHWYQQKPGSSPKPWIYA--------TSNLASGVPARFSGSGSG--TSYSFTISRVEAEDAATYYCQQWTF-----------------------NPPTFGGGTRLEIK-,QAYLQQS-GAELVRPGASVKMSCKASG-YTFTS-----YNMHWVKQTPRQGLEWIGGIYPG---NGDTSYNQKFKGKATLTVGKSSSTAYMQLSSLTSEDSAVYFCARYDYN---------------------YAMDYWGQGTSVTVSS
GDPa1-234,EIVLTQSPATLSLSPGERATLSCRAS--QSVS------SYLAWYQQKPGQAPRLLIYD--------ASNRATGIPARFSGSGSG--TDFTLTISSLEPEDFAVYYCQQRSNW---------------------PPALTFGGGTKVEIK-,QVQLQQW-GAGLLKPSETLSLTCAVYG-GSFSG-----YYWSWIRQSPEKGLEWIGEINH----GGYVTYNPSLESRVTISVDTSKNQFSLKLSSVTAADTAVYYCARDYGPGN-----------------YDWYFDLWGRGTLVTVSS
GDPa1-235,DIQMTQSPSSLSASVGDRVTITCRAS--QGIS------SWLAWYQQKPEKAPKSLIYA--------ASSLQSGVPSRFSGSGSG--TDFTLTISSLQPEDFATYYCQQYNI-----------------------YPYTFGQGTKLEIK-,EVQLVQS-GAEVKKPGESLKISCKGSG-YSFTT-----YWLGWVRQMPGKGLDWIGIMSPV---DSDIRYSPSFQGQVTMSVDKSITTAYLQWNSLKASDTAMYYCARRRPGQ--------------------GYFDFWGQGTLVTVSS
GDPa1-236,SYELTQP-PSVSVSPGQTASITCSGD---NIGD-----QYAHWYQQKPGQSPVLVIYQ--------DKNRPSGIPERFSGSNSG--NTATLTISGTQAMDEADYYCATYTGF---------------------GSLAVFGGGTKLTVL-,EVQLVQS-GAEVKKPGESLRISCKGSG-YSFST-----YWISWVRQMPGKGLEWMGKIYPG---DSYTNYSPSFQGQVTISADKSISTAYLQWSSLKASDTAMYYCARGYG-----------------------IFDYWGQGTLVTVSS
GDPa1-237,DIQMTQSPSSLSASVGDRVTINCKAS--QDIN------SYLSWFQQKPGKAPKTLIYR--------ANRLVDGVPSRFSGSGSG--QDYTLTISSLQPEDFATYYCLQYDE-----------------------FPLTFGGGTKVEIK-,QVQLVQS-GAEVKKPGASVKVSCKASG-YTFTN-----YDINWVRQAPGQGLEWIGWIYPG---DGSTKYNEKFKAKATLTADTSTSTAYMELRSLRSDDTAVYYCASGYED----------------------AMDYWGQGTTVTVSS
GDPa1-238,DIQMTQSPSSLSASVGDRVTITCRAS--QGIS------RWLAWYQQKPEKAPKSLIYA--------ASSLQSGVPSRFSGSGSG--TDFTLTISSLQPEDFATYYCQQYNT-----------------------YPRTFGQGTKVEIK-,QVQLVES-GGGVVQPGRSLRLSCAASG-FTFSS-----YDMHWVRQAPGKGLEWVAVIWYD---GSNKYYADSVKGRFTISRDNSKNTLYLQMNSLRAEDTAVYYCARGSGNW--------------------GFFDYWGQGTLVTVSS
GDPa1-239,DFVMTQSPAFLSVTPGEKVTITCSAQ--SSVN-------YIHWYQQKPDQAPKKLIYD--------TSKLASGVPSRFSGSGSG--TDYTFTISSLEAEDAATYYCQQWTT-----------------------NPLTFGQGTKVEIK-,QVQLQES-GPGLVKPSETLSLTCTVSG-FSLTN-----YGIHWIRQPPGKGLEWLGVIWA----RGFTNYNSALMSRLTISKDNSKNQVSLKLSSVTAADTAVYYCARANDGV-------------------YYAMDYWGQGTLVTVSS
GDPa1-240,DVVMTQSPLSLPVTPGEPASISCRSS--QSLAKSY-GNTYLSWYLQKPGQSPQLLIYG--------ISNRFSGVPDRFSGSGSG--TDFTLKISRVEAEDVGVYYCLQGTH-----------------------QPYTFGQGTKVEIK-,QVQLVQS-GAEVKKPGASVKVSCKGSG-YTFTS-----YWMHWVRQAPGQRLEWIGEIDPS---ESNTNYNQKFKGRVTLTVDISASTAYMELSSLRSEDTAVYYCARGGYDGW------------------DYAIDYWGQGTLVTVSS
GDPa1-241,DIQLTQSPSSLSASVGDRVTMTCRAS--SSVS-------YIHWFQQKPGKAPKPWIYA--------TSNLASGVPVRFSGSGSG--TDYTFTISSLQPEDIATYYCQQWTS-----------------------NPPTFGGGTKLEIK-,QVQLQQS-GAEVKKPGSSVKVSCKASG-YTFTS-----YNMHWVKQAPGQGLEWIGAIYPG---MGDTSYNQKFKGKATLTADESTNTAYMELSSLRSEDTAFYYCARSTYYGG------------------DWYFDVWGQGTTVTVSS
GDPa1-242,DIQMTQSPSSLSASVGDRVTITCSAS--SSVS-------YMNWYQQKPGKAPKRLIYD--------TSKLASGVPSRFSGSGSG--TDFTLTISSLQPEDFATYYCQQWSS-----------------------NPPTFGGGTKVEIK-,QVQLVQS-GAEVKKPGASVKVSCKASG-YTFIS-----YTMHWVRQAPGQGLEWMGYINPR---SGYTHYNQKLKDKATLTADKSASTAYMELSSLRSEDTAVYYCARSAYYD-------------------YDGFAYWGQGTLVTVSS
GDPa1-243,DIVLTQP-PSVSGAPGQRVTISCSGSS-SNIGS-----NSVSWYQQLPGTAPKLLIYD--------NSKRPSGVPDRFSGSKSG--TSASLAITGLQSEDEADYYCQSRDTY---------------------GYYWVFGGGTKLTVL-,QVELVES-GGGLVQPGGSLRLSCAASG-FTFTS-----YWMSWVRQAPGKGLELVSSITSY---GSFTYYADSVKGRFTISRDNSKNTLYLQMNSLRAEDTAVYYCARNMYT----------------------HFDSWGQGTLVTVSS
GDPa1-244,AIQLTQSPSSLSASVGDRVTITCRAS--QDIS------SALVWYQQKPGKAPKLLIYD--------ASSLESGVPSRFSGSESG--TDFTLTISSLQPEDFATYYCQQFNS-----------------------YPLTFGGGTKVEIK-,QVQLVES-GGGVVQPGRSLRLSCAASG-FTFST-----YGMHWVRQAPGKGLEWVAVIWDD---GSYKYYGDSVKGRFTISRDNSKNTLYLQMNSLRAEDTAVYYCARDGITMVRG--------------VMKDYFDYWGQGTLVTVSS
GDPa1-245,DIQMTQSPSSVSASVGDRVTITCRAS--QDIS------SWLAWYQHKPGKAPKLLIYA--------ASSLQSGVPSRFSGSGSG--TDFTLTISSLQPEDFATYYCQQANS-----------------------FPYTFGQGTKLEIK-,QVQLQQW-GAGLLKPSETLSLTCAVYG-GSFSG-----YYWSWIRQPPGKGLEWIGEINH----SGSTNYNPSLKSRVTISVDTSKNQFSLKLSSVTAADTAVYYCARVIN-----------------------WFDPWGQGTLVTVSS
GDPa1-246,DIVMTQSPSSLTVTAGEKVTMSCKSS--QSLLNSGNQKNYLTWYQQKPGQPPKLLIYW--------ASTRESGVPDRFTGSGSG--TDFTLTISSVQAEDLAVYYCQNDYS-----------------------YPFTFGSGTKLEIK-,QVQLQQP-GAELVRPGASVKLSCKASG-YTFTS-----YWINWVKQRPGQGLEWIGNIYPS---DSYTNYNQKFKDKATLTVDKSSSTAYMQLSSPTSEDSAVYYCTRSWRG---------------------NSFDYWGQGTTLTVSS
